key,fare_amount,pickup_datetime,pickup_longitude,pickup_latitude,dropoff_longitude,dropoff_latitude,passenger_count
2015-0000000,13.57,2015-08-27 10:47:53,-73.91402578253656,40.76986856612045,-73.96126000927288,40.75961321787122,1.0
2015-0000001,4.74,2015-11-18 21:38:04,-73.93301465268348,40.744469427953156,-73.94882620300687,40.75013386783169,1.0
2015-0000002,8.48,2015-04-12 07:29:33,-73.9676147852032,40.77590754152403,-73.97002295120585,40.762134943894026,6.0
2015-0000003,17.71,2015-04-30 07:36:30,-73.99587747110822,40.81092119425632,-73.92924684138801,40.81168234836715,1.0
2015-0000004,15.59,2015-12-31 14:36:32,-73.94207106745546,40.74063386501107,-73.91537447371944,40.69382542500246,1.0
2015-0000005,12.61,2015-07-14 07:54:55,-73.95426058458312,40.740634521722036,-73.98432503165613,40.75703333294322,1.0
2015-0000006,8.9,2015-04-14 13:11:34,-73.9341922711989,40.813168512620294,-73.90961118251637,40.82320467688116,1.0
2015-0000007,9.22,2015-05-21 19:33:35,-73.94459312793272,40.780697389166114,-73.98101224760087,40.766184730234066,1.0
2015-0000008,12.17,2015-04-25 19:37:06,-73.92801789138723,40.7312210245626,-73.88553715977062,40.76099839461557,1.0
2015-0000009,10.2,2015-09-08 20:15:53,-73.99140940846242,40.77170240174344,-73.99554314801695,40.80982950587224,1.0
2015-0000010,14.41,2015-03-06 14:13:35,-73.91730423737462,40.7314632922875,-73.9101133230368,40.693236496356434,2.0
2015-0000011,13.71,2015-08-29 11:12:39,-73.9620960158123,40.73137080985719,-73.91232211638604,40.718489066500204,1.0
2015-0000012,10.7,2015-07-13 03:52:29,-73.88698956509499,40.75967849086264,-73.91560447215252,40.74660422036902,1.0
2015-0000013,11.26,2015-09-06 08:57:47,-73.99756751272358,40.67346879021369,-74.02948105827697,40.655271697180424,1.0
2015-0000014,16.53,2015-03-22 10:27:46,-73.90056144787339,40.68100328669948,-73.90806942766376,40.71588753195743,2.0
2015-0000015,9.31,2015-04-09 22:28:00,-73.9620835686615,40.72750849883036,-73.92093220313092,40.73169371466717,1.0
2015-0000016,11.1,2015-01-25 04:50:28,-73.99605672014458,40.709486755186624,-74.03163710240888,40.7115513099473,1.0
2015-0000017,20.89,2015-08-16 16:39:13,-73.98935543336218,40.76256989330381,-74.0643201013055,40.71245402237161,1.0
2015-0000018,11.15,2015-02-01 13:44:10,-73.98281389232777,40.71367903697915,-73.98634865808003,40.742741577885425,1.0
2015-0000019,11.6,2015-04-27 17:50:27,-73.95303336214393,40.69350785194659,-73.9264811381466,40.666330100100986,1.0
2015-0000020,15.81,2015-08-21 09:05:51,-73.94908658047858,40.80862595075686,-73.90307872798641,40.820423929664855,2.0
2015-0000021,8.19,2015-01-21 14:17:52,-73.99294800015754,40.74096894798054,-73.9968428410201,40.759290256119286,1.0
2015-0000022,14.61,2015-08-25 00:13:19,-73.97097418369044,40.75270112818752,-73.97331698190392,40.80352088606268,1.0
2015-0000023,13.39,2015-03-05 14:33:12,-73.88430918565552,40.69301007255146,-73.83969216362786,40.663745460577886,1.0
2015-0000024,23.82,2015-09-22 21:39:17,-73.90089827319596,40.728224691018994,-73.94699052418683,40.64763932634437,3.0
2015-0000025,9.06,2015-08-19 15:16:39,-73.95254705321304,40.75443690358839,-73.95420267646853,40.769952389931,1.0
2015-0000026,16.23,2015-05-05 20:07:54,-73.96847986087327,40.70396025690311,-73.95276714417552,40.767975592348435,1.0
2015-0000027,16.15,2015-03-26 21:18:11,-73.96519874693126,40.76502792073383,-73.94172218529272,40.81219631132201,1.0
2015-0000028,8.88,2015-08-10 02:29:44,-73.94545928109078,40.72597445240325,-73.95075348188651,40.74226423486149,1.0
2015-0000029,8.7,2015-05-23 07:54:41,-74.01091170260794,40.73833225000827,-73.99987847225677,40.73358316443931,1.0
2015-0000030,16.53,2015-11-10 16:00:08,-73.98029506149693,40.72593173551083,-74.04494488209932,40.760145413409944,1.0
2015-0000031,6.29,2015-11-03 18:26:35,-74.03674336295511,40.824091127380356,-74.04649081532513,40.80488474138922,1.0
2015-0000032,10.88,2015-10-02 15:22:36,-73.95403107509578,40.749460111010485,-73.93042581371915,40.773750844091175,1.0
2015-0000033,13.05,2015-06-08 07:52:05,-73.94411216241188,40.70769156284177,-73.96358098343953,40.73285566761677,1.0
2015-0000034,15.9,2015-08-31 02:42:10,-73.98932745849197,40.782901796484126,-73.97755793184429,40.82470809370909,1.0
2015-0000035,24.59,2015-09-01 19:00:35,-73.9070405294684,40.70116625400116,-73.88363435444433,40.79395605516849,1.0
2015-0000036,7.07,2015-05-01 16:11:49,-74.01903062652009,40.75835454380019,-74.01930710254582,40.78012702281555,2.0
2015-0000037,4.33,2015-08-29 14:15:02,-74.02857499520839,40.671613195044806,-74.01346108207849,40.66634428627358,5.0
2015-0000038,8.57,2015-05-19 23:06:08,-73.9610219272576,40.69687255804406,-73.97990390421614,40.706105328678305,6.0
2015-0000039,13.09,2015-07-19 18:28:06,-73.92811606789552,40.757874449434766,-73.9243144062864,40.714802172288096,3.0
2015-0000040,8.84,2015-03-03 11:54:40,-73.90264289234169,40.779538663199816,-73.874336407254,40.76869726926714,1.0
2015-0000041,7.31,2015-04-03 04:10:45,-73.98835537051475,40.7568547312476,-73.9736461816857,40.75457625810421,2.0
2015-0000042,4.04,2015-05-30 20:10:20,-73.92685276666275,40.74537406870447,-73.93444870474967,40.739651416766435,1.0
2015-0000043,6.73,2015-09-21 12:35:58,-73.97154033878003,40.73795585217643,-73.9548138466513,40.75252649833744,1.0
2015-0000044,8.49,2015-09-26 15:20:46,-73.97690509199764,40.690859120385305,-73.94546679827853,40.676186522413836,1.0
2015-0000045,17.37,2015-03-25 03:43:40,-73.93465360250053,40.72120623166421,-73.98615184085786,40.76483715168395,1.0
2015-0000046,10.32,2015-02-18 17:21:29,-73.94390708486347,40.731574449161606,-73.89913486291479,40.741580661109154,2.0
2015-0000047,6.68,2015-10-16 08:16:56,-74.03305568627937,40.79228488904876,-74.0331433284398,40.8020058794146,1.0
2015-0000048,7.37,2015-05-24 08:36:29,-73.91093838601097,40.76374473158274,-73.88817368801377,40.76390789008735,1.0
2015-0000049,14.19,2015-06-30 21:19:53,-73.9147963458341,40.67947839378549,-73.86887893812475,40.69413411430126,5.0
2015-0000050,16.06,2015-12-25 10:30:13,-73.99502250806037,40.76296335877579,-74.02617271897729,40.79771630671582,1.0
2015-0000051,6.01,2015-07-12 16:58:46,-73.9541678586625,40.73459670878335,-73.96545108873532,40.71858280231202,1.0
2015-0000052,7.0,2015-02-18 01:21:49,-73.95023879254869,40.72292311998776,-73.94889525342496,40.713179625315504,4.0
2015-0000053,7.96,2015-01-31 03:50:22,-73.95957304936704,40.774467051553636,-73.97308565500077,40.77535527069033,1.0
2015-0000054,18.49,2015-07-15 12:56:25,-73.99201220615382,40.79123998089984,-73.9299641088787,40.760863853195644,1.0
2015-0000055,8.16,2015-12-15 10:31:58,-73.99686493471752,40.78725120476465,-74.01256809753232,40.772673468973004,1.0
2015-0000056,8.31,2015-12-01 07:35:51,-73.97102216283966,40.7164312990711,-73.97768856622426,40.71214467286476,1.0
2015-0000057,10.97,2015-03-15 20:27:38,-73.92309083922963,40.737631504965954,-73.90695916828155,40.77386318038734,3.0
2015-0000058,10.06,2015-01-28 05:01:16,-73.94825599381622,40.76325053725614,-73.9743204795985,40.7811273771262,1.0
2015-0000059,9.64,2015-03-23 09:10:01,-73.98482457328345,40.78902180508489,-73.98669499463614,40.80482950242592,1.0
2015-0000060,14.15,2015-04-05 13:13:03,-73.93913205157406,40.73083303048619,-73.91960845373656,40.76635996935123,1.0
2015-0000061,9.93,2015-11-27 07:32:32,-74.08394170482521,40.74257364093345,-74.08392751695668,40.74845248728147,1.0
2015-0000062,8.18,2015-06-28 01:27:41,-73.92404937198512,40.705746601039756,-73.91685097775212,40.72746054653762,5.0
2015-0000063,5.7,2015-02-11 21:17:27,-74.03958855115113,40.70215173503677,-74.04546851452457,40.7090550824488,1.0
2015-0000064,10.66,2015-07-09 13:37:03,-73.98449763765612,40.782501032895766,-74.01993174693155,40.80046190337775,1.0
2015-0000065,9.58,2015-11-14 02:26:01,-74.01478679578504,40.804249601142836,-73.99513899944486,40.79676684141449,1.0
2015-0000066,21.99,2015-02-03 04:34:55,-74.02178725902884,40.74711959513679,-73.95913926687942,40.68395508038849,1.0
2015-0000067,6.31,2015-11-20 06:47:51,-73.92356692850485,40.79014131591568,-73.91301487958135,40.7961129410501,5.0
2015-0000068,15.72,2015-11-08 12:05:00,-73.98870804805247,40.7644654410019,-73.97195012453504,40.8171478850849,1.0
2015-0000069,14.85,2015-09-14 01:37:02,-73.95613984473077,40.7241952098158,-73.92535816207726,40.76198167188304,1.0
2015-0000070,14.35,2015-01-20 02:28:42,-73.97187682315517,40.764455824220335,-73.99995673805157,40.80341774875807,1.0
2015-0000071,19.45,2015-03-04 14:26:32,-73.95091836691107,40.81152146265864,-73.88984292716718,40.858605384312824,2.0
2015-0000072,8.03,2015-03-02 16:07:22,-73.96692712435758,40.7485669584356,-73.9508572604649,40.76122668616445,1.0
2015-0000073,16.84,2015-03-12 03:25:19,-74.02131968896754,40.81258574623256,-73.96236398199487,40.828505217454726,3.0
2015-0000074,9.24,2015-06-19 01:12:19,-73.93014932722211,40.64521019583641,-73.94214031708783,40.63668063897338,1.0
2015-0000075,16.66,2015-10-14 10:32:49,-73.98975026332646,40.78287610017501,-73.92520840564973,40.7833939144942,4.0
2015-0000076,10.67,2015-04-21 14:23:41,-74.03226327594639,40.753481882729524,-73.99900861112535,40.78195501722266,1.0
2015-0000077,16.09,2015-07-24 16:19:29,-73.98712460643864,40.738039705981365,-73.96053340386307,40.784156239096426,1.0
2015-0000078,7.33,2015-02-01 10:04:20,-73.90996960837462,40.75367043106142,-73.89294887474404,40.759487042790994,1.0
2015-0000079,7.53,2015-12-19 06:11:37,-73.93599113031546,40.670497243415966,-73.9334469888577,40.666991565470425,1.0
2015-0000080,15.42,2015-03-09 09:57:28,-73.98394608537632,40.7412131244865,-73.9379301356221,40.751228963252196,4.0
2015-0000081,10.11,2015-05-12 19:43:55,-73.98397030817273,40.76428450286047,-73.96975951207729,40.79232070532834,2.0
2015-0000082,15.35,2015-01-23 06:14:58,-73.98286540204869,40.80911576178966,-74.0318774931563,40.77580011730566,1.0
2015-0000083,18.33,2015-08-25 03:21:35,-73.88693008065756,40.729269191269054,-73.91044567450878,40.67038376267494,1.0
2015-0000084,6.91,2015-12-04 23:44:07,-73.95472258191073,40.717660255884276,-73.95029795447651,40.71114415039953,1.0
2015-0000085,9.83,2015-12-26 15:26:11,-73.95279833411236,40.72992971825662,-73.93349836461739,40.70330834547919,2.0
2015-0000086,7.07,2015-04-14 03:00:05,-73.92878866183872,40.786616084708086,-73.92048631650572,40.781371878778664,1.0
2015-0000087,14.55,2015-01-10 04:07:05,-73.96044843363894,40.763150044386386,-73.91387930994513,40.768716634821864,1.0
2015-0000088,14.76,2015-08-19 04:30:13,-73.98036168583283,40.72880959184932,-74.02889474175399,40.72521213957863,1.0
2015-0000089,16.35,2015-09-13 22:42:26,-73.9778539939634,40.77053069732453,-73.96354635586823,40.82410472335865,1.0
2015-0000090,13.27,2015-12-03 11:03:57,-73.97286405037656,40.75388310197392,-74.01740342713818,40.77368544491199,1.0
2015-0000091,12.38,2015-08-01 07:33:08,-73.97148888946039,40.78874579962132,-73.93869752059587,40.80776003040964,1.0
2015-0000092,10.39,2015-02-04 17:39:39,-73.94089481825452,40.72191787624491,-73.93372857968778,40.750584090566214,1.0
2015-0000093,10.08,2015-07-14 18:48:02,-73.96792216456771,40.73689351413609,-73.945333865407,40.71272852060267,6.0
2015-0000094,12.96,2015-01-29 14:25:46,-73.94069439691138,40.73431567387471,-73.95661088572908,40.77548902749732,1.0
2015-0000095,13.66,2015-12-28 13:14:38,-73.97322866320434,40.69145940207471,-73.92484471525461,40.69918647347865,1.0
2015-0000096,12.68,2015-03-02 20:50:18,-73.96685459238735,40.76184481108258,-73.92560285246559,40.79195922959982,1.0
2015-0000097,11.38,2015-09-26 08:53:50,-74.04992802738128,40.7604422108872,-74.02242169829093,40.73828649389599,2.0
2015-0000098,13.21,2015-10-22 06:18:24,-73.9333468930119,40.7502045382657,-73.9272324104178,40.71359177528522,1.0
2015-0000099,12.62,2015-09-30 01:33:35,-73.95614046096408,40.74061651466499,-73.92874474240523,40.77515320440574,1.0
2015-0000100,7.58,2015-03-05 19:43:34,-73.93007959560562,40.69338517031798,-73.94128637264524,40.71467745610091,1.0
2015-0000101,13.69,2015-04-06 02:58:43,-74.08585021512775,40.73317418708938,-74.05018354535713,40.716112640458654,1.0
2015-0000102,15.27,2015-02-18 09:56:45,-73.88646501180877,40.736291419338926,-73.82698058497905,40.72020152690069,1.0
2015-0000103,15.57,2015-06-08 16:18:30,-73.9755835851262,40.717908909231134,-73.93346526832683,40.76167195276358,2.0
2015-0000104,10.87,2015-10-15 08:45:06,-73.9256726873305,40.74354857153336,-73.93756076142472,40.71786621474734,3.0
2015-0000105,18.01,2015-05-21 12:28:59,-74.01159623708502,40.76616203427258,-73.99075371756682,40.82544222287026,1.0
2015-0000106,7.2,2015-04-19 19:03:42,-73.9454890437975,40.82544743604842,-73.97428329011025,40.808428814008984,1.0
2015-0000107,13.52,2015-06-20 05:52:30,-74.01213662252694,40.756983112513275,-73.98496491319167,40.78613487028153,4.0
2015-0000108,9.38,2015-05-25 07:39:22,-73.99495075842783,40.76030201562891,-73.97143265604196,40.76044346135644,1.0
2015-0000109,16.61,2015-02-18 06:42:44,-73.89343874584533,40.74702216336935,-73.9395332360313,40.77511778630182,2.0
2015-0000110,9.66,2015-09-26 10:51:16,-73.97762729603053,40.67324915138804,-74.00248081134791,40.66692573132462,1.0
2015-0000111,2.5,2015-11-10 16:14:06,-73.96130268507281,40.74893944498203,-73.95979685197513,40.75405565779986,5.0
2015-0000112,9.38,2015-09-14 05:50:20,-73.93519729077245,40.752409208397644,-73.93422308318668,40.763636783659514,2.0
2015-0000113,9.35,2015-01-30 18:58:57,-73.95017272448109,40.84852968449941,-73.97645703254365,40.828464060825965,5.0
2015-0000114,13.07,2015-12-23 11:29:29,-73.96398324379426,40.742305561408756,-73.94231388191369,40.77453029177136,1.0
2015-0000115,6.59,2015-02-18 14:02:19,-73.95540155990135,40.76206189369334,-73.93785735163313,40.7566654866992,1.0
2015-0000116,4.42,2015-04-30 12:05:21,-73.87386337659046,40.74861152921179,-73.86969145054982,40.75175353175159,5.0
2015-0000117,9.8,2015-06-17 11:47:31,-73.97230475188134,40.70325287849522,-73.98497849688609,40.68342239725696,1.0
2015-0000118,23.32,2015-02-08 06:15:42,-73.9619560381314,40.7957129125806,-73.9204948243389,40.72884290281674,1.0
2015-0000119,14.0,2015-10-03 06:34:27,-73.9279738241597,40.78007732130747,-73.86831161076704,40.78434648842947,2.0
2015-0000120,23.91,2015-07-31 04:54:27,-73.92577896268168,40.781641277881725,-73.93028580719707,40.86401974053011,2.0
2015-0000121,12.41,2015-07-22 10:22:13,-73.92251878777758,40.71362450180821,-73.93088379529222,40.74716263044515,5.0
2015-0000122,10.7,2015-06-24 06:07:45,-73.94445079111883,40.80611177243745,-73.91971456115647,40.81553396104542,1.0
2015-0000123,6.33,2015-05-12 01:43:01,-74.01572019650922,40.69392595748831,-74.01646107790162,40.696039232612065,2.0
2015-0000124,7.07,2015-08-17 04:03:34,-73.90466273870796,40.77347428375201,-73.89884465472785,40.78414826053637,2.0
2015-0000125,12.18,2015-10-12 01:34:50,-74.01585381572075,40.8376182250324,-73.98366422116901,40.86403179848766,1.0
2015-0000126,14.4,2015-09-04 02:39:21,-73.95789458139043,40.710378546994775,-74.00517526401565,40.68495416253551,1.0
2015-0000127,17.5,2015-03-21 09:27:14,-74.00017103400077,40.72734809081589,-73.95062196425519,40.770777741655955,1.0
2015-0000128,12.74,2015-09-28 06:42:18,-73.97256553386372,40.75398605460351,-73.96038511813383,40.785447494066744,1.0
2015-0000129,11.0,2015-05-08 20:16:27,-73.95684950358786,40.72986097383535,-73.95919429792472,40.76140654560659,6.0
2015-0000130,7.23,2015-04-24 21:21:59,-73.95714571138198,40.687973462757355,-73.94982273600863,40.71112773492165,1.0
2015-0000131,8.19,2015-08-14 10:36:49,-73.95312316983059,40.75274251899224,-73.94425028917998,40.763331018723065,2.0
2015-0000132,11.13,2015-12-06 21:54:02,-73.90545154923765,40.707507851450956,-73.947387588341,40.73769368852996,6.0
2015-0000133,15.74,2015-10-26 10:12:23,-73.95185862793944,40.76894369722541,-73.89701048111584,40.796698121237654,1.0
2015-0000134,6.66,2015-02-16 09:08:44,-73.97976626541163,40.71322303063065,-73.9685264964435,40.71260180930242,2.0
2015-0000135,9.16,2015-02-10 16:32:10,-73.93143651326847,40.8119973762007,-73.90814644935504,40.80478932301379,1.0
2015-0000136,10.39,2015-04-05 22:44:52,-73.92242118044301,40.71866986830655,-73.88387468732579,40.73172555716441,3.0
2015-0000137,15.43,2015-11-22 01:32:01,-74.01910431260548,40.73711753935177,-74.03973918633228,40.79358814389663,1.0
2015-0000138,8.51,2015-07-21 14:31:18,-73.94610399720601,40.78254068869479,-73.92189984023496,40.75536747642517,5.0
2015-0000139,11.99,2015-03-16 12:18:05,-73.94195309030756,40.70076542734264,-73.93998232303453,40.66673966937007,1.0
2015-0000140,12.65,2015-08-10 02:45:05,-73.9819025401344,40.759098397384165,-73.9464994168779,40.77404122262126,1.0
2015-0000141,14.72,2015-07-20 11:37:49,-73.91497172746753,40.8022857101713,-73.96878855007807,40.81381234122698,2.0
2015-0000142,8.71,2015-05-30 02:54:45,-73.9760022234813,40.68570067061755,-73.96897505248855,40.70090092054866,1.0
2015-0000143,8.62,2015-09-15 21:59:37,-73.96497694186114,40.757385354341295,-73.97306156153466,40.77470395027855,1.0
2015-0000144,7.1,2015-01-05 13:13:06,-73.97692287297136,40.76039531176994,-73.95395498445234,40.7636992441309,1.0
2015-0000145,19.6,2015-03-11 03:07:52,-73.96937683809674,40.781272914871096,-73.94527551247569,40.83596881802916,2.0
2015-0000146,11.53,2015-02-13 11:11:30,-74.0138510034758,40.700521971564875,-74.02507978032047,40.66249485221058,1.0
2015-0000147,6.54,2015-05-30 13:47:54,-74.02760203530377,40.697181735476626,-74.03896725122905,40.68232682473322,1.0
2015-0000148,2.53,2015-03-23 20:17:02,-73.906219797471,40.77087766262468,-73.89953975852771,40.777780019820206,1.0
2015-0000149,14.77,2015-02-08 05:51:39,-74.00387845393273,40.76187938692933,-74.02077772075218,40.722583722594706,1.0
2015-0000150,11.34,2015-02-27 09:41:31,-74.00965569397825,40.760019714013836,-73.97439618311468,40.76474408188088,1.0
2015-0000151,17.36,2015-03-17 14:42:10,-74.05613560454415,40.76385792837988,-74.05721182055757,40.823702033351715,1.0
2015-0000152,19.02,2015-06-21 09:32:36,-73.99555846990758,40.72279901113686,-74.07276811648723,40.73342560578573,1.0
2015-0000153,7.59,2015-10-28 02:23:34,-74.0229235917363,40.75929014788644,-74.02416825343495,40.776211175058,1.0
2015-0000154,12.77,2015-01-21 06:08:13,-73.90431939359455,40.76172289893195,-73.92547570821986,40.73391795597677,1.0
2015-0000155,10.43,2015-09-24 03:10:47,-73.9296073164263,40.721425943278945,-73.96854559089013,40.71293510103776,3.0
2015-0000156,11.5,2015-01-15 03:04:42,-73.9975260138071,40.82463098044579,-74.02464881295379,40.82337508903607,1.0
2015-0000157,4.69,2015-03-02 16:26:14,-73.87990256778623,40.76895331683647,-73.86662031363124,40.769421863933786,1.0
2015-0000158,17.01,2015-02-27 22:22:12,-73.93072938052033,40.70234786011189,-73.88087015567288,40.750797173962006,1.0
2015-0000159,13.42,2015-06-21 01:04:09,-73.98299325534035,40.77626214434535,-73.9635977211244,40.8029928761671,1.0
2015-0000160,6.85,2015-08-16 16:30:34,-74.06997622859494,40.711012733190906,-74.07817133024142,40.68766899448279,2.0
2015-0000161,7.73,2015-06-20 14:00:46,-73.87836229709637,40.781483384149695,-73.85468517124126,40.79887852750265,1.0
2015-0000162,10.0,2015-06-11 05:55:30,-74.02558289867055,40.7963438231603,-74.02935560797712,40.8212904756152,1.0
2015-0000163,13.67,2015-03-20 22:33:19,-74.03581594987827,40.71717270726593,-74.04665396095317,40.76137717842157,1.0
2015-0000164,18.61,2015-01-08 00:41:57,-73.92909718271962,40.78853504516977,-73.9537280627666,40.84595126576682,1.0
2015-0000165,15.3,2015-03-06 06:00:52,-73.87240990374643,40.76651123707746,-73.91496476794899,40.74605841132262,1.0
2015-0000166,9.7,2015-11-12 14:05:47,-73.91462908725958,40.78288240639978,-73.91632679845637,40.768556681063465,1.0
2015-0000167,7.89,2015-03-06 13:45:23,-73.9474436351979,40.82587171930616,-73.9327020305003,40.79814438353872,1.0
2015-0000168,4.67,2015-08-02 18:48:11,-73.94620982633339,40.74018447535988,-73.93910853643384,40.743163879586675,6.0
2015-0000169,10.45,2015-01-12 06:38:23,-73.93586337764879,40.7198505534257,-73.9383423854872,40.74384130465909,1.0
2015-0000170,13.1,2015-12-04 12:04:01,-73.93964285640853,40.71441942281498,-73.95801523822944,40.75403945831265,1.0
2015-0000171,8.96,2015-06-17 01:51:18,-73.95875234304123,40.717367588601384,-73.93050495729068,40.725089057892106,4.0
2015-0000172,8.52,2015-09-12 11:54:52,-73.96583195584192,40.746915931623434,-73.99534591344032,40.74732050592579,2.0
2015-0000173,12.43,2015-10-22 23:33:24,-73.97250372511598,40.763646078992664,-73.93922288770068,40.778198818760124,1.0
2015-0000174,8.71,2015-08-20 20:05:23,-74.00015858355466,40.7610676319732,-74.02022509412247,40.7460133449243,2.0
2015-0000175,22.59,2015-12-14 07:55:07,-73.98122700307466,40.78308732996144,-73.99380006019526,40.85577349161228,3.0
2015-0000176,16.77,2015-08-16 11:17:33,-74.03771827256782,40.75052007567512,-74.07172182828629,40.71229024486158,1.0
2015-0000177,7.22,2015-08-25 04:57:43,-73.97393358507179,40.80814136308629,-73.97897564947836,40.823683580453164,1.0
2015-0000178,19.93,2015-02-27 13:24:24,-74.00954364428604,40.739413726670485,-73.9702842705317,40.81012191324737,1.0
2015-0000179,7.98,2015-03-21 06:15:20,-74.01414357268862,40.858806766663584,-73.9886747300353,40.869010762000386,5.0
2015-0000180,10.94,2015-04-20 02:07:46,-73.96280423395386,40.7750266939106,-73.92345157059302,40.77932552286055,1.0
2015-0000181,7.29,2015-07-19 17:51:30,-73.91431990854622,40.71571369774335,-73.8886556321682,40.714990335059035,1.0
2015-0000182,7.6,2015-03-03 14:00:04,-73.93326733575991,40.70716430007756,-73.95637743061582,40.711752549624684,3.0
2015-0000183,15.38,2015-02-24 22:52:04,-74.03282002414493,40.769298896609726,-74.03274370087475,40.82048435085002,1.0
2015-0000184,16.98,2015-03-19 08:50:01,-74.0095851254628,40.741061488586965,-74.02299109933632,40.68470563124708,1.0
2015-0000185,19.29,2015-10-13 17:51:13,-73.93236915248048,40.77856001976368,-73.8824519053593,40.83456303080257,1.0
2015-0000186,11.75,2015-10-23 19:41:20,-74.00929949574153,40.76892950498294,-74.03520315513433,40.73621079040944,1.0
2015-0000187,10.11,2015-12-07 20:19:19,-73.97898532599989,40.747086843493726,-73.94217439531822,40.749087273616695,3.0
2015-0000188,6.83,2015-02-11 19:35:14,-73.94799791603901,40.71612825127726,-73.91120929993575,40.7132509186683,1.0
2015-0000189,18.61,2015-10-21 09:20:48,-74.00873377819454,40.689406111012566,-73.94384517214306,40.71706270910569,2.0
2015-0000190,11.06,2015-04-20 13:04:16,-73.96578497975416,40.73213940191732,-73.96807557753304,40.69419567136081,1.0
2015-0000191,11.0,2015-01-25 23:11:38,-74.02336101979672,40.78425595177294,-73.99199135500932,40.8081211317554,1.0
2015-0000192,25.82,2015-06-13 13:04:30,-73.99405470575805,40.75856374976521,-73.91560515066188,40.82929303846382,6.0
2015-0000193,12.23,2015-07-25 02:39:29,-73.95720872263429,40.70017044885152,-73.9657379729423,40.66927522871374,1.0
2015-0000194,9.94,2015-05-17 13:13:41,-74.03371974934126,40.75692723703405,-74.06977095676723,40.77261842206236,1.0
2015-0000195,12.92,2015-06-27 11:19:49,-73.95238101048159,40.765412695189156,-73.99878131149882,40.75555322985526,1.0
2015-0000196,11.35,2015-04-20 06:12:29,-73.97078551195706,40.714645702551955,-73.93940415109122,40.73742231873775,3.0
2015-0000197,15.27,2015-12-10 08:22:26,-73.94790040182332,40.75614900423782,-73.99439490806508,40.766723437560294,1.0
2015-0000198,5.17,2015-12-02 14:29:55,-73.96104343463742,40.75232834873784,-73.96221300622555,40.74308374146651,1.0
2015-0000199,11.65,2015-03-09 22:09:15,-73.91543438280104,40.704281188086775,-73.89231498718986,40.728917356632905,1.0
2015-0000200,19.89,2015-04-29 04:49:48,-73.96499101989409,40.76431149441393,-73.94943575378919,40.82844193770753,1.0
2015-0000201,6.77,2015-06-25 14:50:41,-73.98717622164502,40.77243138105473,-73.96441287571949,40.77670426730291,2.0
2015-0000202,11.03,2015-11-11 00:51:13,-73.9651080998787,40.79332204972701,-73.94843940420468,40.82491478799145,1.0
2015-0000203,16.68,2015-08-03 02:35:58,-73.94826807883854,40.792152082081394,-73.89990210443914,40.76335389334526,1.0
2015-0000204,7.86,2015-12-14 14:42:24,-73.96804559718697,40.69489322528172,-73.98661508860914,40.676200133977176,1.0
2015-0000205,11.09,2015-12-11 01:16:15,-73.96837633235184,40.71248699840339,-73.9786861865056,40.7366591867398,1.0
2015-0000206,15.04,2015-12-12 19:41:58,-73.99807966751227,40.77060141068834,-74.0112594508704,40.82512489154442,5.0
2015-0000207,10.52,2015-02-08 03:24:13,-73.99651603670203,40.77055143803649,-73.96161028234616,40.79121983850006,1.0
2015-0000208,9.11,2015-03-09 22:45:47,-74.02610421087199,40.77060190745224,-73.98909225322014,40.77121016653654,6.0
2015-0000209,8.8,2015-11-30 05:37:17,-73.90001693027253,40.90410925962619,-73.87648017069297,40.91408800178889,1.0
2015-0000210,13.95,2015-11-12 23:58:35,-74.01975452941565,40.77283562042773,-73.97424971940895,40.745323388408636,1.0
2015-0000211,10.52,2015-11-29 12:42:05,-73.99771620791184,40.79542262560722,-74.02305743393313,40.823558085397885,4.0
2015-0000212,19.46,2015-10-17 10:24:16,-73.99873629062277,40.788160070539725,-73.93871956727624,40.824630062409426,1.0
2015-0000213,13.77,2015-01-04 12:35:43,-73.93420302492223,40.77605565005223,-73.87850586627086,40.77249294006724,2.0
2015-0000214,11.04,2015-12-04 06:59:57,-73.98179798713169,40.73738923021438,-73.94972932721431,40.7332879657816,6.0
2015-0000215,16.76,2015-02-06 00:31:01,-73.92009031709306,40.78035876881973,-73.85663634982993,40.79833511570929,1.0
2015-0000216,10.92,2015-01-17 20:34:58,-73.99693962496976,40.7190869914185,-74.03663832120009,40.715985399337285,1.0
2015-0000217,6.85,2015-07-13 02:32:55,-73.95884023351104,40.7405272557304,-73.96457367759892,40.748543277291624,2.0
2015-0000218,19.19,2015-05-20 21:22:13,-74.00341388213039,40.730585458086836,-74.01547298595085,40.80357711176183,1.0
2015-0000219,7.5,2015-12-06 12:33:30,-73.88419403488906,40.75327496557545,-73.85254965517635,40.75586419455307,1.0
2015-0000220,5.53,2015-09-06 17:35:13,-74.01750393676117,40.84258634266694,-74.03900815894924,40.8418361381063,1.0
2015-0000221,9.85,2015-11-24 01:11:51,-73.95760717159092,40.67530939229633,-73.9248823171108,40.66588313812727,1.0
2015-0000222,17.2,2015-04-16 08:12:20,-73.94464892476272,40.77745040761498,-73.89353284044282,40.809776166759974,2.0
2015-0000223,9.54,2015-12-24 11:56:39,-73.95344803610193,40.685491365152416,-73.92259194909941,40.690054639955875,1.0
2015-0000224,9.53,2015-04-19 10:44:39,-73.97741150635511,40.73112272536842,-73.95889897564527,40.72164153421878,1.0
2015-0000225,14.06,2015-07-03 20:49:41,-73.97519282798933,40.793558023878695,-73.99482902821636,40.84319714484688,1.0
2015-0000226,17.81,2015-03-16 08:24:01,-73.96824754112083,40.75257120076382,-73.9836530701046,40.805159290899226,1.0
2015-0000227,13.64,2015-04-19 13:46:54,-73.97588008006514,40.706890208882825,-73.92839151290624,40.698877501910665,1.0
2015-0000228,17.42,2015-08-09 02:02:50,-73.93144483532821,40.7213878516296,-73.89806436521104,40.67539165308878,2.0
2015-0000229,14.9,2015-10-19 07:25:09,-73.88157907993634,40.77718390995739,-73.87274966551767,40.817409320652494,1.0
2015-0000230,4.28,2015-01-31 18:08:23,-73.99229967140032,40.72078533473132,-73.99483695777329,40.71024643995852,2.0
2015-0000231,16.24,2015-03-04 09:24:16,-74.02479211918316,40.75865834358328,-74.07556635537651,40.79237711155816,4.0
2015-0000232,16.16,2015-11-23 09:06:25,-73.97353128193404,40.751822873596154,-73.99565685449458,40.7027197590648,1.0
2015-0000233,17.65,2015-11-07 23:58:35,-73.86681162649383,40.72393598609577,-73.79946905387963,40.760713906244746,1.0
2015-0000234,14.35,2015-11-04 06:18:32,-74.00214698271878,40.835757763573014,-74.03056064984885,40.80942260569459,1.0
2015-0000235,12.99,2015-04-07 08:20:58,-73.90443532778224,40.77535676089272,-73.8887509331456,40.80727968446472,1.0
2015-0000236,8.61,2015-04-20 20:24:59,-73.90289196743694,40.6689942965337,-73.86266864824108,40.67942248856879,3.0
2015-0000237,13.42,2015-03-19 02:52:23,-73.99214352966833,40.75745817259078,-74.0197912097084,40.738839990008884,4.0
2015-0000238,5.88,2015-01-08 16:59:39,-73.94724067683259,40.723528541409266,-73.93169936258916,40.72131745202146,1.0
2015-0000239,12.13,2015-03-05 00:52:22,-73.90486413507486,40.78409733339185,-73.86672666894954,40.81468688710055,1.0
2015-0000240,8.55,2015-07-23 06:11:34,-73.9851651096395,40.71829917046269,-73.97479012998228,40.73147600405615,5.0
2015-0000241,23.36,2015-06-18 03:07:00,-73.9781432144041,40.745410542341325,-73.8820911227341,40.7729429317555,5.0
2015-0000242,24.77,2015-10-25 03:29:37,-73.99326723655794,40.77019949115922,-74.0333252143243,40.839492708694685,1.0
2015-0000243,13.64,2015-10-30 13:50:02,-74.01059026922772,40.7846302077668,-73.96882841333121,40.74770295941547,1.0
2015-0000244,20.16,2015-04-01 08:27:01,-73.99597110180264,40.70198814371777,-73.99115515392454,40.760504520966826,1.0
2015-0000245,13.05,2015-08-30 10:54:33,-74.01895761067048,40.736619950566364,-73.98580000602539,40.74975062869206,5.0
2015-0000246,7.46,2015-08-11 18:36:18,-73.96863666126963,40.731002187553564,-73.94539744671864,40.71403866610387,1.0
2015-0000247,12.42,2015-03-24 05:30:27,-74.00079892924235,40.72386683069705,-74.01279361515564,40.69395742192488,1.0
2015-0000248,6.29,2015-05-07 11:11:24,-73.96064856352837,40.820618169611244,-73.94377867175459,40.82494455788793,1.0
2015-0000249,16.76,2015-08-27 03:21:13,-74.03223582584815,40.76619926843844,-74.0779728693901,40.803848771796176,1.0
2015-0000250,9.13,2015-02-07 00:32:27,-73.95676479071142,40.6995646418266,-73.92866736569428,40.70573816821527,1.0
2015-0000251,19.44,2015-12-21 08:25:30,-73.93665884153565,40.78671447788219,-73.91771408755594,40.842049125789615,6.0
2015-0000252,15.74,2015-03-05 09:07:29,-74.04974942570286,40.834886247880505,-74.02058962064356,40.801350977178956,1.0
2015-0000253,9.32,2015-06-01 18:56:13,-73.9550377372061,40.79129861042205,-73.91329418745349,40.800935941986666,1.0
2015-0000254,9.08,2015-07-10 00:54:41,-73.92089324030107,40.689225201361836,-73.89986464509478,40.66165339802944,1.0
2015-0000255,10.78,2015-08-05 04:54:47,-74.01838564074765,40.73063063708535,-74.0039429581537,40.7515395935641,1.0
2015-0000256,14.83,2015-04-15 07:00:23,-73.9030971045265,40.80067644596747,-73.91952915462633,40.837283067670384,1.0
2015-0000257,7.46,2015-08-04 03:24:25,-73.95323923962536,40.72169322137525,-73.96460586253484,40.71907036756482,1.0
2015-0000258,22.95,2015-10-23 06:40:53,-73.99820047423033,40.76775277712585,-73.952598435625,40.699626361427036,1.0
2015-0000259,12.75,2015-11-01 18:33:16,-73.97223076310631,40.78098536213717,-73.91914070093513,40.79695380654107,1.0
2015-0000260,12.69,2015-09-07 05:57:08,-73.94766692349913,40.712922781136875,-73.9448102365885,40.73602493768888,1.0
2015-0000261,8.94,2015-05-06 21:46:47,-73.9669597843435,40.747618985757526,-73.9555797019259,40.76974782840638,1.0
2015-0000262,13.9,2015-03-08 15:40:51,-73.94844976030214,40.62034930639724,-73.96558819155196,40.6674227721519,5.0
2015-0000263,12.53,2015-12-12 23:20:58,-74.00682694372317,40.70902449434663,-73.96164423836514,40.68689288395716,5.0
2015-0000264,12.66,2015-04-09 00:22:59,-73.96322556703855,40.73989727394427,-73.9332630623278,40.77030375710778,1.0
2015-0000265,21.03,2015-12-25 15:55:48,-74.02654857987619,40.70008867272141,-73.95831205678228,40.74586389809575,1.0
2015-0000266,12.86,2015-06-12 17:07:44,-73.97444904245394,40.81529645215726,-73.99079873476933,40.77193882463707,4.0
2015-0000267,7.81,2015-11-09 22:50:24,-74.00615630565859,40.69279434488158,-74.00749654262914,40.712383899659145,1.0
2015-0000268,8.1,2015-04-26 05:10:57,-73.99942119770358,40.73239822053212,-73.98247782002781,40.72727282560189,2.0
2015-0000269,12.26,2015-09-05 07:51:57,-73.92055627299158,40.755229623091445,-73.89116158685981,40.762783942898395,5.0
2015-0000270,12.22,2015-08-16 03:45:11,-73.92634759517622,40.80765093156265,-73.92281762430265,40.8280812260688,1.0
2015-0000271,6.15,2015-12-23 17:31:18,-73.94563447516371,40.69256551395282,-73.96182330787732,40.687948657029416,1.0
2015-0000272,12.03,2015-06-11 03:53:34,-74.0136925105869,40.7965265500862,-73.9772502847192,40.78625530771135,5.0
2015-0000273,10.59,2015-11-03 11:55:26,-73.98265633798779,40.75040932244078,-73.95102227711142,40.76143389496542,1.0
2015-0000274,5.76,2015-05-28 18:51:36,-73.92147609200083,40.71073965395808,-73.93896431501774,40.688122275792196,1.0
2015-0000275,13.99,2015-12-21 16:39:00,-73.9643313234544,40.76848413897053,-73.91366803942124,40.74590938510397,1.0
2015-0000276,15.22,2015-03-20 11:13:37,-73.87722681840073,40.757962387822936,-73.83212085712483,40.78834358631163,1.0
2015-0000277,10.35,2015-04-21 23:15:18,-73.95426728642423,40.72599132491365,-73.9402383915068,40.70152750385889,1.0
2015-0000278,10.1,2015-07-23 23:27:58,-73.9623180353404,40.7527920833996,-73.94993009946913,40.782781458426875,2.0
2015-0000279,11.9,2015-01-09 09:04:39,-73.9823646585681,40.73458745612553,-73.95574292543462,40.75846519491115,6.0
2015-0000280,15.16,2015-05-24 06:06:19,-73.96465836380871,40.75454069381005,-73.98050945591639,40.71276649194633,1.0
2015-0000281,6.86,2015-08-21 17:53:42,-73.97609879345522,40.77648522698084,-73.9651978490803,40.76615828741077,1.0
2015-0000282,17.2,2015-08-01 22:17:10,-73.94167565293246,40.81344067264581,-73.99624715927074,40.85926395473723,1.0
2015-0000283,13.31,2015-07-30 21:32:11,-73.93173190732821,40.70048738004692,-73.89543823796312,40.681052414112735,1.0
2015-0000284,12.15,2015-01-18 09:25:18,-74.00143957842032,40.83532133498625,-74.03828437509357,40.83138920711696,1.0
2015-0000285,14.77,2015-06-09 09:37:17,-74.0232493181423,40.6719164880191,-73.96814672328944,40.69577831481666,6.0
2015-0000286,10.61,2015-08-15 21:59:16,-74.04344821492413,40.74392859619858,-74.04335181774312,40.777430311477055,3.0
2015-0000287,4.08,2015-07-28 00:12:33,-73.9496803469235,40.77353268825938,-73.94603035638144,40.77598652167804,1.0
2015-0000288,4.54,2015-05-19 02:28:53,-74.01413466424695,40.7612396747094,-74.0229666814295,40.75331436886865,1.0
2015-0000289,18.22,2015-03-19 12:09:39,-74.0561156237181,40.725092019207175,-74.05475678993577,40.77776311505813,1.0
2015-0000290,21.33,2015-01-05 14:47:05,-73.95445685581876,40.74167510998571,-73.90190091546432,40.80384209989963,1.0
2015-0000291,20.37,2015-12-27 03:06:57,-73.87028001930268,40.73027996261364,-73.93491427899873,40.7696457041371,1.0
2015-0000292,13.62,2015-06-17 11:00:59,-73.9702428364616,40.72642540972223,-73.92193387487895,40.738984953999186,1.0
2015-0000293,7.22,2015-06-08 00:53:44,-73.93646036902193,40.78398408388084,-73.91631966458888,40.76973611223161,6.0
2015-0000294,7.77,2015-01-22 19:39:50,-73.9667268256581,40.7642806194386,-73.99293747509381,40.7493672872419,1.0
2015-0000295,13.48,2015-02-24 08:23:01,-73.97395558612764,40.72228361618957,-73.99621495791912,40.74795903934754,1.0
2015-0000296,15.38,2015-09-11 02:46:51,-73.93323694068049,40.78598399501733,-73.87294514986424,40.808535941643996,2.0
2015-0000297,12.24,2015-07-16 20:23:32,-73.98161098176755,40.762291980835066,-73.99997618816583,40.81433993862346,1.0
2015-0000298,12.63,2015-12-26 02:53:54,-73.95930430743712,40.782514484753555,-73.98390482275501,40.81202798752964,1.0
2015-0000299,13.7,2015-02-27 19:11:39,-73.95713208775216,40.775185153676944,-73.91301265148121,40.74009274462415,1.0
2015-0000300,15.56,2015-05-11 09:56:46,-73.99672361814572,40.716840199563116,-73.97656703185714,40.7583986280948,1.0
2015-0000301,9.08,2015-02-17 17:16:30,-73.93031830601853,40.72759275839212,-73.94845607331463,40.70765093957269,2.0
2015-0000302,8.45,2015-07-04 02:16:09,-73.97699839026781,40.77989174420493,-73.96049964100567,40.77837260604636,1.0
2015-0000303,9.81,2015-06-15 12:03:05,-74.0002298063797,40.77441481061734,-74.02100238688891,40.79192081680489,2.0
2015-0000304,24.94,2015-12-25 06:43:31,-73.94853960625719,40.74916393624144,-73.9055149643045,40.81903396093496,1.0
2015-0000305,26.66,2015-05-25 14:40:18,-74.00593871927164,40.75469309533235,-73.96409759032545,40.85799065201251,1.0
2015-0000306,13.93,2015-06-28 08:40:15,-73.96887275370523,40.801106595831534,-73.94291256774056,40.82930828760562,2.0
2015-0000307,7.29,2015-05-09 20:00:59,-73.97036475986577,40.72633714444657,-73.94951492802836,40.73084124588495,1.0
2015-0000308,13.88,2015-04-24 16:21:30,-73.92656417736674,40.7718838952468,-73.86372853362072,40.79791906470122,1.0
2015-0000309,11.99,2015-09-27 09:05:43,-73.9510120706848,40.741912293902644,-73.94102148086316,40.77854195667886,1.0
2015-0000310,8.67,2015-01-04 09:45:58,-73.9710010783498,40.74129275187091,-73.99645730211242,40.741672723104195,1.0
2015-0000311,19.43,2015-06-16 10:23:02,-73.93728934803198,40.79395107407949,-73.913805130647,40.857807414756856,1.0
2015-0000312,17.27,2015-03-29 21:41:42,-73.91439169803931,40.78301665395952,-73.8418102865532,40.79991877673526,1.0
2015-0000313,8.82,2015-10-12 20:14:52,-73.94768758774592,40.78254038544002,-73.9681303725415,40.80747267811277,1.0
2015-0000314,10.72,2015-08-16 10:36:54,-73.96958589520627,40.80221915228617,-73.97042977820709,40.83219687984781,1.0
2015-0000315,8.82,2015-02-24 15:23:25,-74.02247344929401,40.75084015366531,-73.99998006815096,40.773487751983744,5.0
2015-0000316,14.75,2015-04-26 09:42:57,-74.01260454652301,40.7772781188518,-74.00422169199318,40.812446333865886,1.0
2015-0000317,6.69,2015-09-09 16:59:21,-73.98220898817418,40.73758932973626,-74.0016780955855,40.72907173413985,3.0
2015-0000318,10.6,2015-05-12 15:43:14,-73.99438048808636,40.762966654099536,-73.95072475239945,40.756217601481154,1.0
2015-0000319,18.19,2015-11-01 22:46:17,-73.97747885211942,40.74479427782529,-73.8978776304589,40.72178965083614,1.0
2015-0000320,12.4,2015-01-15 10:35:52,-73.96773400300411,40.75387983859971,-73.9518500592334,40.77706487551831,3.0
2015-0000321,12.76,2015-12-11 08:02:55,-73.94881228982572,40.77380628101748,-73.9659343385178,40.807174376122845,1.0
2015-0000322,15.38,2015-02-24 08:12:34,-73.97281995112236,40.717271172670664,-74.00928876687396,40.74100435865522,2.0
2015-0000323,19.96,2015-09-14 04:36:33,-73.95053993424695,40.83369549102742,-73.93280065481031,40.893930264027844,1.0
2015-0000324,11.78,2015-09-13 12:55:04,-73.9674210234076,40.70975930474001,-73.9243047031081,40.71959142417514,1.0
2015-0000325,15.98,2015-05-16 10:51:27,-74.04901866265415,40.701432455488494,-74.02476363025929,40.731494705156265,1.0
2015-0000326,9.63,2015-01-02 08:28:28,-74.00757341575274,40.796324434940004,-73.99764553098031,40.77357340865583,1.0
2015-0000327,5.73,2015-01-28 02:52:25,-73.97576350222886,40.781666507758516,-73.98344165178254,40.78005351668428,3.0
2015-0000328,11.84,2015-05-17 03:55:04,-74.01838778971364,40.774964792682084,-74.04115269869519,40.805830925409055,1.0
2015-0000329,14.19,2015-03-09 16:08:19,-73.94600285080016,40.77513382037057,-73.91096031101041,40.81060688369286,5.0
2015-0000330,11.35,2015-09-30 20:21:33,-73.90876996670625,40.749510129086126,-73.87135681806468,40.7506911206562,5.0
2015-0000331,11.4,2015-01-10 20:32:43,-73.92124952593211,40.71410982514057,-73.95762141953283,40.72196184758483,1.0
2015-0000332,17.87,2015-04-17 22:28:40,-73.9785377148372,40.75303218232775,-73.92084254549178,40.71749596992733,1.0
2015-0000333,7.08,2015-05-23 18:48:50,-73.910370954526,40.72291353153952,-73.88314881789918,40.72220265551532,4.0
2015-0000334,16.52,2015-03-04 01:04:38,-73.96405330171191,40.78900478933671,-73.91206546235755,40.825716284242304,5.0
2015-0000335,10.31,2015-04-15 12:15:50,-73.98348343884471,40.744117704739914,-74.01374727129927,40.77137385522311,1.0
2015-0000336,14.45,2015-10-22 00:35:26,-73.99453610654163,40.7169801121283,-74.02551083120409,40.74200008376973,1.0
2015-0000337,7.42,2015-03-18 12:45:03,-73.98209878745952,40.73714456633388,-73.97656786675255,40.74863777694931,1.0
2015-0000338,9.2,2015-05-03 02:13:59,-73.98552707274165,40.76651725817103,-73.96044353993479,40.776729152929875,1.0
2015-0000339,15.68,2015-11-06 17:24:25,-73.96318335110497,40.727451017887844,-73.89929252641717,40.71764138370364,1.0
2015-0000340,12.32,2015-04-05 01:41:18,-73.96357704075801,40.71711118417734,-73.93239467334355,40.74807603678342,2.0
2015-0000341,11.24,2015-10-17 05:40:19,-73.96987815919387,40.75974748845967,-73.96715859749823,40.78237667679136,1.0
2015-0000342,12.09,2015-05-30 05:26:10,-73.95252247321014,40.75979866284435,-73.97331354944012,40.78455922828413,1.0
2015-0000343,11.88,2015-10-24 20:31:14,-73.92237414900855,40.72972227298516,-73.87547413182698,40.72394122770513,1.0
2015-0000344,17.5,2015-04-30 01:27:26,-73.93201783458234,40.731158467775266,-73.95095899735486,40.67655818017913,1.0
2015-0000345,15.65,2015-06-25 21:14:03,-74.02939591873799,40.759281997494305,-73.97054186209482,40.80219657884692,1.0
2015-0000346,4.39,2015-12-26 22:04:04,-74.07215684539608,40.69207662634011,-74.07068838488428,40.68771150265986,1.0
2015-0000347,16.52,2015-03-03 11:01:14,-73.93262720355042,40.693701449024935,-73.8749097413719,40.67781817610364,1.0
2015-0000348,12.19,2015-01-18 14:06:38,-74.02467514793662,40.7212622311499,-73.99430720923485,40.75206659850732,1.0
2015-0000349,4.75,2015-11-13 20:15:09,-73.9789906160757,40.741462113931526,-73.97310048075897,40.73970173473395,1.0
2015-0000350,12.17,2015-08-13 23:00:48,-74.01680452104237,40.76243630262392,-74.02238641219716,40.80423439414532,6.0
2015-0000351,10.63,2015-01-01 12:43:27,-74.0420792175032,40.80901424867798,-74.04230645382358,40.837524427165285,1.0
2015-0000352,9.94,2015-06-13 18:16:41,-73.94834149087181,40.78430638492808,-73.92549199010055,40.814813464624095,1.0
2015-0000353,11.0,2015-07-30 19:13:22,-73.93963379358789,40.74360245880146,-73.92731909870136,40.712623787465446,1.0
2015-0000354,13.5,2015-07-21 19:48:37,-73.99306041602907,40.74923935168389,-74.00087475827112,40.79559767124548,6.0
2015-0000355,9.09,2015-01-19 00:51:14,-74.0736416916858,40.709898825414484,-74.06861063399532,40.7277363413515,1.0
2015-0000356,6.45,2015-06-02 21:51:32,-73.9918497779301,40.749259474560304,-73.97949246703853,40.74818116038292,1.0
2015-0000357,13.43,2015-10-26 18:18:16,-73.9543278397839,40.73845365444319,-74.00818986261635,40.752755308463456,2.0
2015-0000358,13.77,2015-02-24 18:32:49,-74.02915646275096,40.76290874241352,-74.00541141930731,40.719621685426574,1.0
2015-0000359,9.78,2015-11-25 02:58:18,-73.96266560320883,40.71691076225791,-73.98205723995034,40.73917034660233,1.0
2015-0000360,11.83,2015-08-17 04:31:43,-73.97061239396692,40.77077386056965,-73.99521236606309,40.74989271532419,1.0
2015-0000361,13.1,2015-02-13 13:49:53,-73.94682834001595,40.8113095565201,-73.98744867042927,40.78072944794479,1.0
2015-0000362,13.47,2015-07-17 18:26:19,-73.96521678526344,40.745649594061724,-74.00903356019947,40.709978818475186,1.0
2015-0000363,15.04,2015-08-30 12:55:17,-74.00892275763526,40.76606846888396,-74.03958618272863,40.80944912013366,2.0
2015-0000364,4.64,2015-07-27 21:05:09,-73.92213713993343,40.77760575966845,-73.93340776866233,40.76872785785766,1.0
2015-0000365,20.99,2015-06-30 06:51:22,-73.97634118292108,40.73395118112457,-73.90774340879528,40.789963012422064,3.0
2015-0000366,5.33,2015-09-07 01:31:38,-73.9710921815804,40.758963699272414,-73.97686857185725,40.75288965538085,1.0
2015-0000367,12.78,2015-11-04 17:51:35,-74.00733071836292,40.750503696031274,-73.99199821517489,40.709282957303486,3.0
2015-0000368,9.86,2015-02-23 10:50:19,-73.98773129004766,40.75390704394195,-73.96571684845247,40.73041131074349,1.0
2015-0000369,15.28,2015-09-27 00:39:56,-74.00539210856107,40.71907960864578,-73.9914601529746,40.76615395724598,1.0
2015-0000370,8.12,2015-06-18 00:23:22,-73.97691784239693,40.750980406970356,-73.9692411462187,40.75630346163226,1.0
2015-0000371,10.04,2015-11-08 00:44:13,-73.9015316607943,40.76991993164982,-73.92739047370229,40.7634713127551,5.0
2015-0000372,17.1,2015-12-05 03:33:21,-74.02487604571725,40.808045744311805,-73.97134821926888,40.82284629108739,1.0
2015-0000373,16.85,2015-11-19 23:52:40,-74.03454245591507,40.78837083304341,-73.97032655660594,40.81342431512844,1.0
2015-0000374,17.44,2015-01-18 23:02:06,-73.91115318690025,40.83612729830046,-73.95163294772394,40.879649262777534,1.0
2015-0000375,17.2,2015-06-05 09:33:53,-73.97837294708607,40.71930609748448,-73.99909380481266,40.772761074381265,1.0
2015-0000376,4.32,2015-05-07 02:33:04,-73.99676290954639,40.78489282546883,-73.9951572198177,40.78409976609516,1.0
2015-0000377,8.43,2015-09-03 00:14:25,-73.92840381250416,40.757333680229536,-73.94733994635146,40.727552249647076,1.0
2015-0000378,9.52,2015-02-03 13:36:43,-73.99422462158947,40.837592117328704,-73.96904565498579,40.83518816249501,1.0
2015-0000379,12.01,2015-08-02 06:54:46,-73.89695961145812,40.717668068585795,-73.90880777753031,40.73547648378328,1.0
2015-0000380,15.87,2015-03-23 17:43:35,-73.94288296514642,40.71641112631277,-73.86793128311223,40.69749835852645,1.0
2015-0000381,11.59,2015-10-09 16:03:48,-73.98951645632583,40.72602429418224,-73.94379999849552,40.707309766735385,1.0
2015-0000382,9.41,2015-08-25 02:03:33,-73.88370767146938,40.66504417102761,-73.86733045055041,40.685357807474105,2.0
2015-0000383,12.34,2015-09-16 01:36:59,-73.99422859692014,40.72896979913277,-73.95341900902055,40.737510228585656,1.0
2015-0000384,13.41,2015-09-18 00:05:52,-73.94031618511963,40.71963469353785,-73.8971391723889,40.730618603400195,1.0
2015-0000385,6.43,2015-10-12 08:06:29,-73.95802829678374,40.756015751459046,-73.96494672142549,40.743260891418046,1.0
2015-0000386,7.9,2015-04-17 10:37:50,-73.91793034842405,40.763670239031086,-73.9324168657603,40.76675821760491,6.0
2015-0000387,7.05,2015-11-22 20:49:43,-73.90753955213093,40.825046833568635,-73.89519526024183,40.807319839240584,5.0
2015-0000388,16.24,2015-12-14 05:17:32,-73.96871983403737,40.78801695352744,-73.93287075030243,40.82472290586118,2.0
2015-0000389,13.01,2015-01-08 17:25:38,-74.00013671481385,40.726923853773506,-73.98596490285425,40.76798133381522,1.0
2015-0000390,17.71,2015-02-23 07:50:55,-73.95160111428244,40.714063413146064,-73.98891100874818,40.66867777727892,1.0
2015-0000391,9.13,2015-08-06 11:35:54,-73.99710861479008,40.76967676686026,-74.0111933481086,40.751791441054486,1.0
2015-0000392,10.56,2015-05-13 17:16:26,-73.88946451009893,40.69719067171918,-73.88168369600676,40.662294794066476,1.0
2015-0000393,8.83,2015-02-26 09:31:31,-73.96453858675669,40.82325835063418,-73.95680855488646,40.81375763260197,1.0
2015-0000394,17.24,2015-08-07 01:17:20,-73.98461286205249,40.79717760482885,-73.91543659674879,40.80467446573514,2.0
2015-0000395,13.88,2015-12-12 00:53:17,-73.96261278776541,40.73123297391581,-73.99419242603737,40.69774361732485,3.0
2015-0000396,7.1,2015-11-10 19:23:19,-74.02388505158119,40.68147461883636,-73.99871737432612,40.6638188244426,3.0
2015-0000397,15.74,2015-02-19 07:47:43,-74.00886456154042,40.804154894966615,-73.95419116829058,40.78403617380417,1.0
2015-0000398,18.35,2015-01-27 15:03:32,-73.92198344368222,40.7454184061899,-73.84383995131954,40.76163642607187,1.0
2015-0000399,7.64,2015-02-16 10:06:08,-73.99627577115885,40.79951265247894,-73.99840769385438,40.81159298259003,1.0
2015-0000400,8.5,2015-05-01 17:35:57,-74.01187643930727,40.68622289364823,-73.98713355572566,40.67457076704811,1.0
2015-0000401,12.1,2015-07-29 12:37:27,-73.94853388989891,40.72602499908185,-73.92144107918296,40.74132962524603,2.0
2015-0000402,8.43,2015-10-09 00:37:12,-73.92257183381348,40.75020974798873,-73.90670738186688,40.74380934545111,1.0
2015-0000403,4.37,2015-12-15 21:33:29,-73.9412418675734,40.75187922375059,-73.93420722361057,40.75372957044081,1.0
2015-0000404,19.09,2015-12-10 03:07:13,-73.93015809256777,40.73199738114083,-73.90707883088277,40.792200943849785,1.0
2015-0000405,16.02,2015-10-29 17:59:36,-74.00027180354277,40.7749139972939,-74.06623918609937,40.82512782884761,1.0
2015-0000406,13.51,2015-04-18 09:44:23,-74.02687242666967,40.707295182824694,-73.99641034196779,40.678307745716864,2.0
2015-0000407,10.61,2015-04-30 18:37:10,-73.90994665392178,40.74430482059915,-73.89616131681191,40.779196793135526,1.0
2015-0000408,13.81,2015-11-26 04:33:38,-73.98290719355369,40.754811825268476,-73.97958144045704,40.789153721903226,2.0
2015-0000409,16.23,2015-06-23 17:18:41,-73.9800333206582,40.77057755336235,-73.90862745478661,40.74612965469977,1.0
2015-0000410,10.83,2015-11-14 15:27:02,-73.91687223432604,40.77846459512356,-73.92712025488976,40.813027924436206,1.0
2015-0000411,13.92,2015-12-11 15:29:18,-73.94775079962398,40.70501431632648,-73.94984307929593,40.76115227387886,2.0
2015-0000412,15.65,2015-12-25 22:48:20,-73.95176448911674,40.688635433170575,-73.8820178900506,40.664959088983245,1.0
2015-0000413,7.94,2015-01-22 18:36:37,-73.88339990620396,40.80110707287594,-73.89836174534946,40.783581988245516,6.0
2015-0000414,17.09,2015-02-15 06:27:31,-73.9957407292152,40.76329256047919,-74.0022441877033,40.80382240448449,1.0
2015-0000415,9.29,2015-05-31 09:31:29,-73.93288639487675,40.72006053853774,-73.92729715757967,40.73820539786251,1.0
2015-0000416,11.73,2015-11-07 17:21:28,-73.96771947500412,40.8120460790209,-73.93249744054023,40.83859036727809,1.0
2015-0000417,12.12,2015-08-24 05:27:30,-73.95925630884547,40.754626985371715,-73.94302223362487,40.77484466186373,4.0
2015-0000418,9.82,2015-11-16 23:04:27,-73.9088612629435,40.79717188736255,-73.93764002335807,40.818892764990395,1.0
2015-0000419,10.03,2015-01-09 19:49:17,-73.94968656974841,40.752700739256404,-73.95565162664222,40.72290657540707,2.0
2015-0000420,13.95,2015-09-13 03:29:58,-73.94846815683802,40.83242991699528,-73.95668878983439,40.87384944819392,1.0
2015-0000421,17.1,2015-12-07 05:31:25,-73.9270997065076,40.820213633697726,-73.91941633786429,40.86530133347056,1.0
2015-0000422,6.83,2015-10-16 17:06:31,-73.98459810918172,40.740041434060835,-73.96182279942282,40.74315971173879,1.0
2015-0000423,7.77,2015-08-14 15:48:49,-74.00356838669356,40.78886283803818,-73.98102221401692,40.797558529543764,1.0
2015-0000424,15.92,2015-12-06 06:18:21,-74.01179236776083,40.775815037983406,-74.05507272038228,40.73988181290674,1.0
2015-0000425,13.04,2015-04-14 20:05:41,-74.04865426357505,40.804745262301296,-74.00673603394821,40.83017290498183,3.0
2015-0000426,14.86,2015-03-25 04:41:46,-73.88775171480239,40.711403061576796,-73.8701746494225,40.73856478482822,1.0
2015-0000427,10.65,2015-01-04 17:13:19,-74.01412833462886,40.777442058399934,-73.96259237320105,40.785576327889956,1.0
2015-0000428,16.05,2015-09-14 05:58:31,-73.97885014494344,40.79233697947399,-73.95552419512471,40.836067580270104,1.0
2015-0000429,11.51,2015-10-29 23:52:06,-73.98107253199555,40.67965042054308,-73.93803284326347,40.67962810361368,1.0
2015-0000430,13.98,2015-02-14 07:53:14,-73.95770373208764,40.70266965949337,-73.93370737274414,40.72960783727017,1.0
2015-0000431,12.72,2015-11-04 14:39:30,-73.93737051149843,40.668430712889595,-73.88698373881235,40.647840782728835,1.0
2015-0000432,7.08,2015-08-11 07:11:44,-73.93558106046561,40.73922372662222,-73.90991354138508,40.74851716209599,1.0
2015-0000433,8.8,2015-06-04 06:39:03,-73.99332309754276,40.77870169023184,-73.98626055493604,40.783471062494755,1.0
2015-0000434,17.82,2015-10-07 17:41:09,-73.97668486855146,40.81009428208384,-73.89851182693805,40.826853519745065,1.0
2015-0000435,8.4,2015-07-14 12:25:08,-73.95869680198047,40.75296379121679,-73.92202568831208,40.75187798335179,1.0
2015-0000436,9.58,2015-03-01 04:17:30,-73.97994764504735,40.81514462182285,-73.95273531241722,40.821200443952705,1.0
2015-0000437,16.48,2015-10-11 09:43:55,-73.9057061769592,40.6947959416714,-73.93399530945536,40.729577356814644,1.0
2015-0000438,10.11,2015-01-08 14:33:11,-73.95036100193447,40.68186470242579,-73.97901023045837,40.678761775308644,1.0
2015-0000439,14.64,2015-06-23 12:42:09,-73.940604888558,40.747778092044136,-73.92182342409374,40.70958077902198,5.0
2015-0000440,17.15,2015-05-05 17:26:55,-73.9434847492533,40.76536261795757,-73.92911911332025,40.827850135083736,3.0
2015-0000441,15.45,2015-12-31 22:21:02,-73.92306104570059,40.748692210076236,-73.93148472265084,40.80013583243695,2.0
2015-0000442,12.08,2015-07-24 09:44:11,-73.96275913765184,40.667302315998406,-73.94852965666348,40.63853443514524,1.0
2015-0000443,18.57,2015-08-30 10:05:50,-74.02187327791823,40.74643519841949,-73.96421447007693,40.77712643257685,2.0
2015-0000444,8.15,2015-04-29 23:19:44,-73.9540124819299,40.69782121997981,-73.92315040769338,40.692731976863264,2.0
2015-0000445,7.52,2015-10-17 18:59:44,-73.99605427575167,40.7767869019532,-74.02028453104425,40.79469151841313,2.0
2015-0000446,9.01,2015-02-10 14:58:54,-73.99114466726999,40.76466392984388,-73.98448993208429,40.78349065371428,1.0
2015-0000447,8.05,2015-12-29 06:17:17,-73.94654543924979,40.71240480854691,-73.96069443367537,40.71537257453742,1.0
2015-0000448,10.27,2015-11-28 07:26:43,-73.92046867714265,40.729445323306535,-73.92209967463491,40.71593235333894,2.0
2015-0000449,6.12,2015-04-03 11:03:17,-73.96914913693055,40.70763145912444,-73.97155760689944,40.69691522755495,1.0
2015-0000450,7.34,2015-07-09 14:48:47,-73.95764667949604,40.747492836109075,-73.96197604697416,40.73000707864464,1.0
2015-0000451,8.51,2015-07-16 13:59:56,-73.9019114022146,40.78820569282005,-73.92956546337379,40.773251026573135,1.0
2015-0000452,6.56,2015-07-23 01:57:28,-73.96036987282045,40.710570958146576,-73.95419951326599,40.7185556094451,1.0
2015-0000453,4.1,2015-11-07 15:13:36,-73.86593267543279,40.77016186062071,-73.87275090453821,40.75868906094739,1.0
2015-0000454,20.22,2015-07-05 04:51:07,-73.94737961417474,40.7287896952651,-74.0252630748748,40.75925125723648,1.0
2015-0000455,21.31,2015-12-13 03:48:00,-74.04043051036624,40.71828508670951,-73.96884134963119,40.772902471369584,1.0
2015-0000456,11.28,2015-08-26 20:13:16,-73.93986633515581,40.74571878560182,-73.89720324552931,40.73831718836072,1.0
2015-0000457,8.13,2015-12-27 22:14:36,-73.95475366460468,40.70859030710322,-73.95604268635243,40.725772442119286,1.0
2015-0000458,6.6,2015-12-08 17:12:52,-73.9184098898367,40.727854027786115,-73.90784531834447,40.752844581095204,1.0
2015-0000459,12.04,2015-04-13 14:37:45,-73.9430727459492,40.70208488429645,-73.96822237636871,40.726244952424025,1.0
2015-0000460,16.83,2015-12-19 16:44:04,-73.97553823935935,40.82858900531666,-73.91466655302503,40.84086766335414,1.0
2015-0000461,18.47,2015-11-07 11:38:44,-74.01897192945157,40.75141054207887,-73.95205326860837,40.78369101462967,2.0
2015-0000462,10.57,2015-10-19 09:34:01,-73.97836093029144,40.7220109796803,-73.96366011844405,40.74647844826072,1.0
2015-0000463,18.04,2015-09-22 09:19:01,-74.00402081816837,40.75855919642937,-73.96331489884281,40.73142932375955,1.0
2015-0000464,11.26,2015-02-15 12:11:35,-73.99322093799219,40.745506878012364,-73.97796233462418,40.781581559944044,1.0
2015-0000465,14.49,2015-08-19 01:40:02,-73.94645686382317,40.74116121601867,-73.97655862698944,40.77777994113667,3.0
2015-0000466,8.71,2015-03-26 07:51:20,-73.90320381982595,40.77456666800174,-73.90555852089486,40.76166808487638,1.0
2015-0000467,7.9,2015-01-31 16:36:28,-73.95421313880708,40.78030030840189,-73.94025529980392,40.79143844346532,1.0
2015-0000468,12.33,2015-11-29 10:06:56,-74.0178353224814,40.72877995409558,-74.0214717540437,40.75927982387991,1.0
2015-0000469,3.16,2015-11-15 16:30:11,-73.95221589327119,40.72696727037421,-73.94877549159423,40.730687855786826,1.0
2015-0000470,13.54,2015-01-03 10:15:20,-73.92213474053418,40.73899793211393,-73.91487672725945,40.78118727354691,3.0
2015-0000471,21.23,2015-08-08 20:30:38,-73.99439131617278,40.65792315341058,-73.98681767110874,40.738839328249156,2.0
2015-0000472,6.95,2015-06-16 11:23:25,-73.97536068666692,40.689392357512055,-73.963792931952,40.67581277653301,1.0
2015-0000473,13.65,2015-08-29 08:55:35,-73.96941247221083,40.80467497069778,-73.99123062420273,40.77324363260317,1.0
2015-0000474,9.73,2015-10-18 06:28:25,-74.0013959325233,40.81579870854005,-74.01290641699713,40.83491326640819,1.0
2015-0000475,11.91,2015-08-18 02:00:40,-73.94406878264624,40.740038558417744,-73.97260631061724,40.77168543357153,1.0
2015-0000476,12.5,2015-09-28 00:53:04,-73.97483792594431,40.77306227852223,-73.93550345945373,40.77613628730689,1.0
2015-0000477,18.67,2015-05-25 23:23:20,-73.95321870224372,40.762450006181744,-74.00638811049893,40.81604782608137,1.0
2015-0000478,11.55,2015-05-02 18:26:10,-74.00549968711208,40.873155232338206,-73.96089197681258,40.84299705834651,1.0
2015-0000479,13.96,2015-05-25 17:53:14,-73.98749833201293,40.794782996457386,-73.93590785009505,40.82557055514833,1.0
2015-0000480,5.25,2015-10-13 14:49:47,-73.94110474568689,40.74488329634077,-73.94017016329636,40.736707471718,5.0
2015-0000481,19.21,2015-08-02 19:20:41,-73.98491332608367,40.71177838237598,-74.0530074387185,40.7733597195622,1.0
2015-0000482,21.08,2015-10-18 01:10:48,-73.90092144595066,40.6857421471897,-73.90176076280967,40.755517607784746,2.0
2015-0000483,5.04,2015-06-04 15:37:20,-73.98598544742458,40.75813854543469,-73.97791097226325,40.745138847801186,2.0
2015-0000484,9.57,2015-11-10 23:33:04,-73.96101261096992,40.719745970188626,-73.98133055756779,40.71325925611137,1.0
2015-0000485,14.34,2015-04-28 04:04:40,-73.93269636672508,40.69310985161609,-73.93815291853933,40.728897488225485,2.0
2015-0000486,14.48,2015-11-07 09:19:06,-74.02673462931732,40.7241370846303,-73.97082877335141,40.722523165136614,1.0
2015-0000487,7.28,2015-06-26 18:02:37,-74.04043235247923,40.70673807985543,-74.01048453761018,40.71537574331746,1.0
2015-0000488,9.39,2015-12-07 06:00:21,-74.0310262525828,40.817485665402906,-74.04876317601415,40.82824731801918,1.0
2015-0000489,19.16,2015-03-23 05:03:31,-73.91949663586291,40.78526559027798,-73.95742461095078,40.73767539559205,6.0
2015-0000490,7.27,2015-02-14 09:57:58,-73.9920743258357,40.74968109434734,-73.991884845364,40.75926596196451,1.0
2015-0000491,5.93,2015-02-16 13:55:37,-73.86767202857327,40.8091977655556,-73.86407573195378,40.798505932333676,1.0
2015-0000492,9.91,2015-02-02 04:27:57,-73.99256990394629,40.753094732305904,-73.96768392832539,40.74830104763391,5.0
2015-0000493,16.52,2015-05-08 10:03:18,-73.96261794787212,40.71554863194687,-73.96867744924914,40.76885759205093,1.0
2015-0000494,12.21,2015-02-05 02:11:03,-73.90831560189729,40.810924963090784,-73.88297061463643,40.78322975626241,1.0
2015-0000495,16.35,2015-07-27 11:52:07,-73.88975628447363,40.77155640174739,-73.82170166327182,40.805952557349826,2.0
2015-0000496,11.67,2015-01-19 11:16:16,-73.88753985693454,40.70851015382694,-73.8530748262612,40.71014126591699,2.0
2015-0000497,5.92,2015-05-02 00:45:43,-73.92166535077628,40.74238645287666,-73.91310800599621,40.74399364782178,6.0
2015-0000498,12.48,2015-08-19 06:13:09,-73.92903749896755,40.71497526986461,-73.92453201309914,40.74868642674616,6.0
2015-0000499,12.3,2015-04-04 04:39:24,-73.94629892203196,40.694688010761425,-73.94699911605736,40.71488954959849,1.0
2015-0000500,14.33,2015-09-08 00:51:41,-73.93886555695333,40.787047101901265,-73.89344632957976,40.81416549181785,2.0
2015-0000501,11.62,2015-02-07 13:20:11,-73.99204742865314,40.8263766656188,-74.00086683203168,40.86542220543479,1.0
2015-0000502,8.49,2015-09-20 05:53:59,-74.0027279553369,40.69405729704724,-73.99137127406689,40.69411804555174,1.0
2015-0000503,5.85,2015-07-01 19:01:54,-73.97013497829644,40.772518769467624,-73.95859904124,40.764151667432394,1.0
2015-0000504,11.26,2015-08-18 07:05:48,-73.976807384901,40.723974297235124,-73.98186091068534,40.70141978143839,1.0
2015-0000505,11.29,2015-01-08 04:42:27,-73.98812912197309,40.73051498464941,-74.01930308840961,40.71575266875004,6.0
2015-0000506,27.41,2015-05-06 23:28:30,-73.94214450210173,40.72630424303045,-73.9224552669932,40.82477707578971,4.0
2015-0000507,14.83,2015-05-11 00:18:45,-73.93178779165717,40.71544036921281,-73.92361791081284,40.76278075663491,1.0
2015-0000508,13.06,2015-07-29 00:14:34,-73.96646372454832,40.751940865117795,-73.94145651046522,40.721408634131556,1.0
2015-0000509,8.72,2015-02-23 12:13:10,-73.91089879675779,40.71676199534356,-73.91690680595097,40.68708825664125,1.0
2015-0000510,14.96,2015-07-01 05:55:15,-74.01566756456533,40.76081827303119,-73.96904292560095,40.785274254882744,2.0
2015-0000511,13.94,2015-09-03 09:04:51,-73.9777463783712,40.74799047562203,-73.99404959180755,40.77440841954337,2.0
2015-0000512,14.12,2015-05-18 19:49:35,-73.99867289282412,40.74044207812534,-73.93731168430358,40.76690859318486,1.0
2015-0000513,11.19,2015-02-20 11:37:42,-74.04466146468292,40.713697453518336,-74.08709055997777,40.71604877971173,1.0
2015-0000514,8.85,2015-01-12 09:04:21,-73.97330722743371,40.726929146777266,-73.950264125497,40.73316551897718,1.0
2015-0000515,9.61,2015-01-04 10:20:12,-73.97486990033534,40.78021564903303,-73.95060697985954,40.80005203475781,1.0
2015-0000516,6.24,2015-06-21 03:36:42,-73.90946201027032,40.77003668750498,-73.92332872230854,40.78261347769378,5.0
2015-0000517,16.24,2015-05-07 20:31:51,-73.9447675326178,40.71089779020806,-73.92203571448198,40.65431877902563,1.0
2015-0000518,11.45,2015-05-05 16:50:40,-74.01096747297316,40.75397329221717,-73.96258191288035,40.75707930329991,1.0
2015-0000519,14.57,2015-05-11 12:10:33,-73.89583629734663,40.78005548493487,-73.95234086252725,40.76451329190706,1.0
2015-0000520,8.22,2015-11-25 16:31:24,-73.92115865217899,40.68322378875514,-73.89607630795426,40.6984801313224,1.0
2015-0000521,31.27,2015-12-22 08:50:07,-73.94671609186125,40.7717344076952,-74.01151421647116,40.8712921777733,6.0
2015-0000522,10.79,2015-06-21 23:01:58,-73.979059363954,40.72349504964217,-73.99802930805969,40.7445194996064,1.0
2015-0000523,15.68,2015-05-09 06:56:11,-74.00837756946893,40.77282394674373,-73.9495025785219,40.773418056158555,1.0
2015-0000524,12.95,2015-04-25 10:18:46,-73.98488827104283,40.7194696337383,-73.9923417320446,40.75712367879762,1.0
2015-0000525,11.67,2015-11-09 02:44:15,-73.92645005521183,40.677804715973416,-73.9516664541441,40.70228535258969,1.0
2015-0000526,10.77,2015-01-19 10:52:42,-73.89461654776261,40.684898302484676,-73.89055467963215,40.70750113719823,1.0
2015-0000527,19.65,2015-12-01 13:27:18,-73.90827025886911,40.751923397866456,-73.8362330687242,40.78012891566293,2.0
2015-0000528,21.78,2015-05-02 00:48:38,-73.98955397687145,40.76038890006886,-74.03450444428763,40.83208520701375,1.0
2015-0000529,11.27,2015-11-30 11:22:17,-74.01478469733156,40.71382733499583,-74.03632399468074,40.68990068193605,1.0
2015-0000530,16.7,2015-03-15 03:10:53,-73.96436455012355,40.77554369835109,-73.90944159962815,40.799752660655436,1.0
2015-0000531,13.67,2015-04-19 18:05:13,-74.04073757462251,40.68353919750924,-73.97500650431638,40.665747763609794,1.0
2015-0000532,10.76,2015-03-16 01:50:31,-73.95707329143261,40.74735680805411,-73.95017622816131,40.77402218744437,1.0
2015-0000533,9.86,2015-04-05 08:18:16,-73.97590410345195,40.701559352009504,-74.00307568452776,40.68399875666492,1.0
2015-0000534,14.79,2015-09-10 12:26:16,-73.98864146007473,40.72392655568791,-73.91576615502046,40.72140555127976,3.0
2015-0000535,14.67,2015-10-05 00:08:01,-74.03378812269067,40.751895946852656,-73.9759548509382,40.75304324942552,4.0
2015-0000536,14.56,2015-11-20 11:26:04,-73.94945599573721,40.71558346538864,-73.91908758610434,40.754857966968984,1.0
2015-0000537,14.82,2015-03-28 05:44:22,-73.99130803358648,40.734617778230806,-74.0056801040546,40.77217141154908,1.0
2015-0000538,9.8,2015-10-22 22:30:14,-74.01679667342842,40.79025171236858,-74.00826755365355,40.76288019107519,1.0
2015-0000539,7.2,2015-04-30 06:26:43,-74.08489048853126,40.72692432521907,-74.0797012909626,40.73857234854907,1.0
2015-0000540,9.79,2015-08-24 05:44:56,-73.97110059620202,40.783427684482604,-73.95117505706355,40.77214028884013,2.0
2015-0000541,14.0,2015-08-27 00:23:51,-73.89910993613321,40.7048117258137,-73.84557989298928,40.677056578493435,1.0
2015-0000542,10.71,2015-10-19 19:12:16,-73.90354963141809,40.77119216711661,-73.86716712018396,40.77468165560388,1.0
2015-0000543,5.93,2015-05-06 23:40:49,-73.98828385026344,40.80766274482632,-74.01060513257299,40.808408261172644,2.0
2015-0000544,26.19,2015-02-22 09:51:08,-73.99408848241447,40.65113421999491,-73.94279358891389,40.73393571458527,3.0
2015-0000545,8.06,2015-08-08 21:41:50,-73.951249029757,40.71812418978118,-73.9318550655566,40.741112984542,1.0
2015-0000546,15.08,2015-04-27 08:25:00,-74.00993541756753,40.77308288508722,-73.97932344369177,40.74175436006459,1.0
2015-0000547,11.84,2015-12-10 17:03:45,-73.95792832400723,40.74187818455828,-73.90393209822886,40.73493496443315,1.0
2015-0000548,12.28,2015-07-19 19:48:43,-73.93935678886461,40.76484583493485,-73.96270419635002,40.805487333797736,1.0
2015-0000549,23.51,2015-07-15 05:55:07,-73.92092267104462,40.72584059253137,-73.91199743840582,40.79849387571747,4.0
2015-0000550,11.81,2015-09-16 21:22:34,-73.9740061630592,40.753463591498914,-73.97994979959998,40.71588409213177,2.0
2015-0000551,17.67,2015-12-21 01:23:26,-73.97814695000707,40.74377291058432,-74.01518273276804,40.697375179030146,2.0
2015-0000552,19.98,2015-01-11 08:05:50,-74.00511930347027,40.79671128246639,-73.98471800414212,40.862840237727546,1.0
2015-0000553,17.17,2015-06-24 15:46:47,-74.0030752141616,40.76017683373205,-73.91772851761407,40.78186525905318,3.0
2015-0000554,11.9,2015-07-04 21:27:42,-73.97905915567605,40.763504106483005,-74.02426148801123,40.74745532452671,1.0
2015-0000555,10.29,2015-09-27 11:33:52,-73.95530537972735,40.7335249213551,-73.94627379805884,40.759563793938774,1.0
2015-0000556,23.14,2015-04-14 07:00:35,-73.93345661495067,40.7304957510371,-73.90424032689843,40.66142331886659,1.0
2015-0000557,7.67,2015-04-04 01:55:53,-74.0021271580272,40.73269767248721,-73.98843481197753,40.74279893768513,1.0
2015-0000558,9.41,2015-10-30 01:27:00,-73.91029245724162,40.76577808569513,-73.90368629881709,40.78561272088042,2.0
2015-0000559,10.8,2015-05-01 19:32:24,-73.9808449440417,40.73316062076719,-74.00982143494508,40.77088872495332,1.0
2015-0000560,12.29,2015-09-16 01:12:54,-73.97085469177394,40.761590994275856,-73.95387108948573,40.74117411570708,1.0
2015-0000561,8.25,2015-10-18 02:02:47,-73.99988846716592,40.83301603194582,-74.0125913864764,40.845586646787915,1.0
2015-0000562,14.02,2015-08-28 18:47:59,-74.06696961041092,40.784844988137266,-74.12266726156028,40.767082249355475,1.0
2015-0000563,13.15,2015-10-24 03:39:27,-73.93463818414556,40.73695905871329,-73.88880041753015,40.75462057138352,1.0
2015-0000564,10.82,2015-10-05 19:10:05,-73.9405262441163,40.798048556886556,-73.90177466952103,40.78118816721567,1.0
2015-0000565,5.85,2015-11-06 08:48:26,-73.98125310228473,40.733676985079136,-73.96970327297919,40.73143395990433,3.0
2015-0000566,9.67,2015-04-26 23:11:20,-73.967320371311,40.668475018592886,-73.95044813066484,40.64860055674918,1.0
2015-0000567,12.68,2015-01-18 15:37:48,-73.94936243129183,40.709676547563305,-73.90713289091036,40.739210634818015,1.0
2015-0000568,13.95,2015-12-23 03:16:06,-74.03250183427546,40.675168323158964,-74.01577164457213,40.710921856658665,1.0
2015-0000569,10.14,2015-12-11 16:14:12,-73.99116210709386,40.73593946063835,-73.95404158045102,40.738900843539625,2.0
2015-0000570,5.52,2015-06-15 11:35:08,-73.93822941281512,40.750736735167585,-73.93715387884133,40.76188387501639,1.0
2015-0000571,13.39,2015-12-29 18:34:06,-74.02017157692677,40.81705749249101,-73.97081206476955,40.783599750052005,1.0
2015-0000572,9.09,2015-05-03 03:24:20,-73.95825768271334,40.76307709495057,-73.93863411093535,40.764086795510366,1.0
2015-0000573,11.25,2015-12-11 08:18:55,-74.02426327218494,40.74123597884765,-74.00844171387676,40.74972984033639,1.0
2015-0000574,26.18,2015-12-06 03:03:21,-73.95134280070266,40.78317622324734,-73.97944463336403,40.87180001597824,1.0
2015-0000575,12.14,2015-12-16 03:50:02,-73.9714256592919,40.661554587639685,-73.95281698366284,40.63819557686646,2.0
2015-0000576,15.29,2015-08-21 19:17:09,-74.03460527263621,40.75942458232434,-74.04956392016105,40.813349899486916,1.0
2015-0000577,17.29,2015-12-04 06:32:36,-73.92341042582171,40.78083460775548,-73.93255890761758,40.820740370959456,1.0
2015-0000578,8.36,2015-03-31 07:28:12,-73.99938366307192,40.6908565501688,-74.01384493192141,40.70927564230351,2.0
2015-0000579,17.83,2015-11-25 19:48:43,-74.00241009748058,40.79575016172828,-74.02439714543756,40.85850877625413,1.0
2015-0000580,14.49,2015-05-13 18:42:50,-73.96197723211075,40.76353985629978,-73.88823409002025,40.784703020477984,1.0
2015-0000581,10.11,2015-08-07 21:38:32,-73.92405450602286,40.73338848344397,-73.87411433416321,40.75506325931401,1.0
2015-0000582,17.22,2015-09-05 02:29:06,-74.01063287275913,40.77531127464425,-73.94302184769481,40.78371765505373,1.0
2015-0000583,17.11,2015-08-11 03:39:14,-73.96753280600608,40.84082771431218,-73.99421965659275,40.88753478078473,1.0
2015-0000584,15.4,2015-03-13 06:39:42,-73.95284733998677,40.75727465020234,-73.94070972748945,40.800168727216665,1.0
2015-0000585,8.61,2015-11-19 14:34:14,-73.94227577570948,40.759928823452015,-73.9710810044656,40.75115850482713,3.0
2015-0000586,14.14,2015-11-10 22:01:42,-73.96294233778892,40.73162556401839,-73.97381318410483,40.702048148180424,5.0
2015-0000587,8.23,2015-06-24 04:18:45,-73.98468111356333,40.716006225221406,-74.00222492306582,40.71991680609953,1.0
2015-0000588,13.19,2015-01-27 23:48:47,-74.00310360882595,40.78321343266177,-73.9559160886327,40.769212275729835,1.0
2015-0000589,5.53,2015-05-08 11:21:38,-73.96655424467815,40.71575664696365,-73.96844113502121,40.723850909725186,1.0
2015-0000590,19.08,2015-01-23 07:04:12,-74.01288556047942,40.752862649488776,-73.9708341804686,40.7999857935293,2.0
2015-0000591,8.77,2015-01-25 00:11:18,-74.08685401933978,40.73089370212939,-74.05873039265212,40.72717465247679,1.0
2015-0000592,16.58,2015-11-11 15:17:56,-73.95253760783369,40.76915919302986,-73.87342844527055,40.77787449159051,1.0
2015-0000593,11.55,2015-09-09 20:45:42,-73.93384260635655,40.763346484211475,-73.96822593305075,40.77508716625573,2.0
2015-0000594,16.49,2015-05-02 22:04:33,-74.06451729742167,40.79150159777031,-74.01674030022807,40.82695452423647,2.0
2015-0000595,21.0,2015-09-02 08:16:21,-74.0103892281884,40.72959934404581,-73.96599600207638,40.67219266402627,2.0
2015-0000596,4.38,2015-04-20 14:21:49,-73.9452338295598,40.739205002588264,-73.96443519470061,40.731003993745304,1.0
2015-0000597,10.19,2015-01-15 19:05:43,-73.88770018121153,40.71084945136871,-73.84748618111733,40.727187962137094,2.0
2015-0000598,19.31,2015-02-05 02:15:15,-73.96916825169298,40.73222826959696,-73.94908390280219,40.77823063828976,3.0
2015-0000599,4.58,2015-01-08 23:52:58,-73.99912011764917,40.76509201972179,-73.99594440544777,40.7603349462966,1.0
2015-0000600,14.99,2015-02-16 19:21:04,-73.97731585764419,40.78027954466582,-73.99203392225334,40.73398296348456,1.0
2015-0000601,14.16,2015-10-21 07:59:41,-73.91500494323407,40.7131133870329,-73.92657822677754,40.74170473041188,1.0
2015-0000602,16.69,2015-11-08 13:42:01,-73.99583856716498,40.78478423680423,-73.9243442042914,40.775723365139456,5.0
2015-0000603,8.86,2015-09-28 23:18:35,-74.001967680266,40.8042255143522,-73.99194719569728,40.77853551457949,1.0
2015-0000604,8.4,2015-08-10 09:22:55,-73.98930974088728,40.766537396128946,-73.95584584084133,40.75780703443755,1.0
2015-0000605,6.71,2015-12-02 14:06:37,-74.00813314433034,40.825071832502324,-74.02186012578036,40.82953607177265,1.0
2015-0000606,7.36,2015-10-26 08:25:33,-73.96509318736021,40.719048432035855,-73.97848877574685,40.710906092099705,2.0
2015-0000607,20.39,2015-09-21 03:42:18,-73.90501286166122,40.70021381186754,-73.86255331738373,40.64404683015457,1.0
2015-0000608,11.37,2015-03-11 20:43:27,-73.95707682907536,40.67885119004383,-73.9875641154219,40.71576317595044,1.0
2015-0000609,14.96,2015-11-02 12:09:43,-73.98009414008504,40.80984177245957,-73.9825505531222,40.85808802369793,1.0
2015-0000610,12.71,2015-06-04 06:09:26,-73.98167245075662,40.77617462625416,-73.97065162842445,40.80572028599435,4.0
2015-0000611,9.37,2015-08-21 21:11:23,-74.03252763234786,40.74777661316358,-74.01918645429267,40.723646043050834,1.0
2015-0000612,2.5,2015-09-25 19:41:29,-73.93467560891412,40.761198745052795,-73.93004840746461,40.76515399903437,1.0
2015-0000613,8.87,2015-05-23 21:05:00,-73.97311348788051,40.704980438108066,-73.95123889444763,40.71478479865118,2.0
2015-0000614,10.28,2015-08-13 18:26:56,-73.97721919654363,40.847830079184675,-73.94643352386909,40.87579391087153,1.0
2015-0000615,9.71,2015-04-05 16:35:11,-73.8422756972862,40.75516884727901,-73.81023657092241,40.78521906194055,4.0
2015-0000616,8.72,2015-12-26 01:35:57,-73.95804988366537,40.7543757917842,-73.9776239979254,40.742350577820844,1.0
2015-0000617,8.26,2015-01-20 04:38:52,-74.0000716420038,40.77903066495595,-73.99859629494166,40.79149053164836,1.0
2015-0000618,12.71,2015-09-03 16:50:57,-73.98705430384823,40.76924036926947,-73.94121141799192,40.792958781407926,1.0
2015-0000619,18.7,2015-11-03 21:24:35,-73.92406217163213,40.758955360971164,-73.88722275600492,40.81263003063557,1.0
2015-0000620,12.09,2015-12-19 14:22:07,-73.96546918357849,40.718381021782186,-73.99665496712292,40.749516217976925,1.0
2015-0000621,14.02,2015-09-10 06:26:24,-74.02753111913269,40.76885873428544,-74.00698672212212,40.8025304349067,1.0
2015-0000622,12.62,2015-07-23 02:34:55,-73.933230842617,40.825280979859,-73.98257760009824,40.837795778696886,2.0
2015-0000623,16.3,2015-10-15 15:53:54,-73.99672576342157,40.803816801846196,-73.98531771635976,40.856130576202304,1.0
2015-0000624,18.44,2015-12-19 04:05:11,-73.89506808895129,40.813727465065575,-73.82813507844891,40.83602034894436,1.0
2015-0000625,9.49,2015-02-17 03:56:39,-73.92679807737142,40.72955137294275,-73.94523485888949,40.71371873563754,1.0
2015-0000626,12.87,2015-01-08 16:17:11,-73.98789287582635,40.710415807189655,-74.00292256719109,40.76251690629341,6.0
2015-0000627,13.51,2015-04-14 18:38:29,-73.91875934553059,40.744968523196015,-73.8858384520834,40.77590562137218,1.0
2015-0000628,8.6,2015-08-01 13:33:40,-73.9672857795789,40.752228996491546,-74.00356982503519,40.74893767585769,1.0
2015-0000629,4.79,2015-04-28 23:35:56,-73.93588905299511,40.79376766073884,-73.94487170389166,40.78938287171686,1.0
2015-0000630,10.3,2015-06-08 14:02:16,-73.95061068730821,40.682301414811405,-73.92271745318077,40.70119868116563,1.0
2015-0000631,9.67,2015-10-22 04:38:59,-74.00385426619964,40.811182012778424,-74.01288284163032,40.83507755663645,1.0
2015-0000632,6.35,2015-02-15 01:20:25,-73.9957419932927,40.74367968405684,-73.99282109290903,40.75959845202578,4.0
2015-0000633,9.8,2015-09-14 03:23:10,-73.92880156729676,40.732924757202106,-73.8964759959873,40.752264017405395,1.0
2015-0000634,21.11,2015-02-03 05:31:23,-73.98339101328426,40.709515824989595,-73.96074463077817,40.770514546226885,4.0
2015-0000635,14.75,2015-04-15 03:32:11,-73.98614593852967,40.68380573312537,-73.96814138664081,40.725952027692415,1.0
2015-0000636,11.18,2015-09-07 00:33:15,-74.00820490317398,40.78292682335848,-74.00837857155207,40.79864589109643,1.0
2015-0000637,13.78,2015-04-11 08:48:54,-73.95305603737626,40.75293271868754,-73.93195420391818,40.79117203611057,4.0
2015-0000638,6.86,2015-09-27 21:37:20,-73.88749900323027,40.69840156401036,-73.88121098363327,40.677425846904534,1.0
2015-0000639,9.2,2015-01-31 14:27:26,-74.01270131657017,40.69819684911746,-73.9889671482724,40.72013466061586,5.0
2015-0000640,20.08,2015-07-11 02:32:40,-73.96903122173309,40.73656861202839,-73.97393918248663,40.80084780252039,1.0
2015-0000641,5.63,2015-11-11 03:27:34,-73.91351117778338,40.81676086101157,-73.90898824701476,40.8202194841498,5.0
2015-0000642,10.5,2015-05-26 02:42:49,-73.97318565564983,40.73961634594546,-73.9928843894264,40.724187328086884,1.0
2015-0000643,5.18,2015-06-04 13:54:55,-73.95190512815,40.68987428187528,-73.94295535645018,40.680311615217484,1.0
2015-0000644,9.51,2015-05-17 04:56:43,-74.01249574112587,40.74017027743656,-74.02682576703474,40.71748128631629,1.0
2015-0000645,7.81,2015-03-16 02:47:59,-73.9528677161117,40.739091057210096,-73.97628910961656,40.72554819996626,1.0
2015-0000646,5.94,2015-03-09 07:01:44,-73.97748577060018,40.64212453428234,-73.95972593616452,40.641009291324636,1.0
2015-0000647,11.04,2015-02-13 13:21:42,-73.9305708001728,40.74782820533929,-73.91418860689707,40.71566119476393,1.0
2015-0000648,8.99,2015-07-24 21:35:13,-73.92250455793742,40.740762618791656,-73.88901834588896,40.75123116881014,1.0
2015-0000649,11.16,2015-01-23 22:57:18,-73.86641745431925,40.777848254592534,-73.8693512214065,40.81491656980614,1.0
2015-0000650,12.57,2015-09-12 07:06:07,-73.94681467307146,40.82395824379781,-73.92457308766636,40.8067255583934,2.0
2015-0000651,18.88,2015-07-08 13:05:09,-73.95696814733671,40.79506260118191,-73.9304442201685,40.85064111889116,1.0
2015-0000652,10.06,2015-07-18 14:53:45,-73.9622246279369,40.739244452377804,-73.93888141370196,40.764568215033634,1.0
2015-0000653,12.5,2015-08-19 02:50:19,-73.98412665171243,40.70573896365033,-73.9988962621965,40.746656381219054,1.0
2015-0000654,5.29,2015-08-04 17:51:38,-73.95646064626153,40.852934392129995,-73.9419797417934,40.84319935551443,1.0
2015-0000655,13.84,2015-08-12 05:49:39,-73.98181605640556,40.75236873736058,-73.96089184752392,40.788004494172576,1.0
2015-0000656,9.21,2015-06-26 11:42:26,-73.96326156094922,40.75055717167652,-73.95304620694198,40.72779915466466,1.0
2015-0000657,17.26,2015-01-21 07:01:53,-73.91729609857568,40.7490349965156,-73.9698904283268,40.78574242154069,5.0
2015-0000658,6.17,2015-08-10 19:09:25,-74.01026170261119,40.75792339043071,-73.99544701389199,40.77307857062452,2.0
2015-0000659,19.85,2015-02-10 07:06:31,-73.92440485755483,40.74422558352304,-73.84802892637292,40.770823120122586,1.0
2015-0000660,10.59,2015-11-14 07:11:49,-73.91731539730641,40.72705351972479,-73.91811657536913,40.701785681556046,1.0
2015-0000661,7.26,2015-03-08 17:46:32,-73.97472274107965,40.728125642350385,-73.9865650540153,40.71127354708209,1.0
2015-0000662,12.7,2015-02-02 10:36:45,-74.05487419596034,40.74868986919136,-74.03367373916899,40.776606715738964,1.0
2015-0000663,9.71,2015-06-27 08:24:36,-73.99431287948377,40.72826300915465,-73.97494153316977,40.709812569027925,1.0
2015-0000664,14.97,2015-04-22 23:29:21,-73.91812021813756,40.72148616869291,-73.87233816317507,40.74538235745589,1.0
2015-0000665,12.63,2015-08-09 09:25:35,-73.97091472249195,40.75425720910768,-73.99865076716922,40.72324307491387,1.0
2015-0000666,10.78,2015-03-02 20:09:43,-74.0099720892918,40.73980091130316,-73.97803068171454,40.77524613768316,1.0
2015-0000667,11.14,2015-06-06 20:51:36,-73.99019099684912,40.81015971954331,-73.96247833501158,40.78318402010025,1.0
2015-0000668,10.6,2015-05-13 08:07:59,-73.93637519893981,40.643961207664276,-73.93063959504804,40.67053020579466,4.0
2015-0000669,13.44,2015-02-05 05:37:01,-73.94813065727195,40.7936602740769,-73.9279700377343,40.822429202086276,1.0
2015-0000670,8.03,2015-08-30 22:36:09,-73.97955728396678,40.7998434076999,-73.93867355951883,40.78894025314702,2.0
2015-0000671,14.73,2015-03-01 00:10:27,-73.98467297647258,40.66706439070367,-73.94850351507172,40.694525187716216,6.0
2015-0000672,12.09,2015-05-15 04:13:09,-73.98567032596175,40.736292496236786,-74.00996090532396,40.754105764136796,1.0
2015-0000673,9.94,2015-01-20 05:29:02,-74.00689640737994,40.73514236536017,-73.97229166177728,40.72897710967439,1.0
2015-0000674,5.87,2015-07-07 20:26:18,-73.90538497242122,40.69369953221129,-73.8973256305722,40.67344289168901,1.0
2015-0000675,17.23,2015-04-17 13:50:01,-73.98289281876845,40.718887332496365,-73.97070659582798,40.67000856174619,6.0
2015-0000676,7.06,2015-11-26 20:16:55,-73.92131365916698,40.70557696618137,-73.90911774943693,40.72606646760036,6.0
2015-0000677,10.62,2015-11-16 21:36:56,-73.9091473579231,40.82009081773695,-73.90365464758705,40.78314673459609,1.0
2015-0000678,9.91,2015-09-17 12:37:08,-73.93006756407408,40.7874271357259,-73.88431633916086,40.80028746170914,1.0
2015-0000679,6.05,2015-03-02 09:41:47,-73.98726481250873,40.80086220379977,-73.97977635130421,40.8029587573173,2.0
2015-0000680,10.45,2015-02-03 18:15:33,-73.95385079638653,40.77886688256173,-73.97743718023803,40.80924116582487,1.0
2015-0000681,6.7,2015-03-31 05:50:11,-73.97096782425564,40.70483792915131,-73.97277371993474,40.70577656416661,2.0
2015-0000682,3.54,2015-10-17 18:08:04,-74.0061480744292,40.72901918934881,-73.99078723292489,40.7291357557584,4.0
2015-0000683,12.27,2015-07-02 15:30:30,-73.95702562873113,40.769574982449114,-73.91014918520221,40.801531103577766,1.0
2015-0000684,9.92,2015-09-24 19:01:28,-74.01716159164638,40.70111488764432,-73.98906875109792,40.72116662851685,1.0
2015-0000685,10.52,2015-03-06 12:19:05,-73.92249282446154,40.778519937206894,-73.93800888282395,40.79800461592238,1.0
2015-0000686,17.71,2015-02-26 13:16:42,-73.98858469189193,40.74038698407367,-73.90402899439157,40.76446501176793,1.0
2015-0000687,14.69,2015-12-14 01:09:48,-73.96195361376509,40.735007167698015,-73.94401035443575,40.6989400040018,1.0
2015-0000688,15.5,2015-10-31 00:56:47,-73.95866848513815,40.77843839872814,-73.91040676299818,40.811142059127754,2.0
2015-0000689,13.07,2015-08-28 09:36:53,-73.98035619894816,40.767770532459444,-73.97490763195547,40.79614459627985,5.0
2015-0000690,9.49,2015-06-10 21:20:45,-73.946532247941,40.73556135336724,-73.92053147059983,40.71506085950994,5.0
2015-0000691,6.47,2015-05-15 22:37:09,-73.9889961462649,40.79637319213457,-73.95381209112935,40.79905077792434,1.0
2015-0000692,12.31,2015-09-27 00:39:27,-73.93514810810171,40.706757466896,-73.88860226674909,40.71557824826717,3.0
2015-0000693,13.84,2015-04-30 09:21:11,-74.02383918720987,40.77463742427777,-73.98211813804852,40.78060252074572,2.0
2015-0000694,12.35,2015-07-23 06:36:42,-73.96494481681815,40.773724050318734,-73.92877890681596,40.79373984931579,1.0
2015-0000695,16.65,2015-01-29 02:21:07,-73.89244284003767,40.73761814242744,-73.8918954419735,40.790559145882376,1.0
2015-0000696,14.17,2015-03-03 11:19:14,-74.01001325298422,40.76304532088969,-74.0171656342429,40.80549832271987,1.0
2015-0000697,6.94,2015-05-24 20:23:41,-73.99710979882099,40.699955456944586,-73.97713157351126,40.67058888114165,4.0
2015-0000698,14.43,2015-03-17 21:35:34,-73.94944368601364,40.78696108076828,-73.9114498438434,40.81562318047746,1.0
2015-0000699,13.83,2015-06-17 22:22:28,-73.96281672872242,40.74260391454228,-73.95949834974572,40.79247191412834,2.0
2015-0000700,13.58,2015-01-07 12:38:09,-73.95597479602905,40.72909107917924,-73.91401963705762,40.750695334799914,1.0
2015-0000701,16.59,2015-12-28 21:50:25,-73.95043251479409,40.791960369033475,-73.8968540124295,40.83468978178905,2.0
2015-0000702,23.68,2015-01-04 05:10:34,-73.94461114125752,40.72182625237829,-73.96210076882973,40.79219436574932,1.0
2015-0000703,13.61,2015-09-15 22:02:29,-73.92561200632176,40.69366154814546,-73.94071962743564,40.73437283452866,1.0
2015-0000704,6.87,2015-03-06 15:24:16,-73.95360725372286,40.68773483305905,-73.94781850549002,40.7052140909283,1.0
2015-0000705,11.66,2015-02-24 18:04:14,-73.97965030618474,40.77424039805383,-73.96042192613906,40.81559305227637,1.0
2015-0000706,7.01,2015-12-10 17:20:58,-73.9430970519519,40.698782825900146,-73.94883406236491,40.71312946089305,2.0
2015-0000707,12.53,2015-08-28 06:05:41,-73.8940047226042,40.820191767279375,-73.84343864223818,40.83090885857792,1.0
2015-0000708,10.25,2015-04-28 05:07:55,-73.9753053498553,40.66672282368465,-73.95258334400975,40.66618039661324,1.0
2015-0000709,16.86,2015-09-14 10:32:01,-74.00898117218682,40.817858254731604,-73.9977977607396,40.874760655496566,1.0
2015-0000710,13.33,2015-05-16 03:18:09,-73.92571677322852,40.758440698688105,-73.95879405894458,40.743887838709846,1.0
2015-0000711,16.82,2015-08-20 17:43:34,-73.97481524655814,40.74613147552518,-74.00428972105097,40.80210250726552,1.0
2015-0000712,12.96,2015-02-16 06:43:05,-74.05690678184057,40.72820323652764,-74.03847650433211,40.75319916023985,1.0
2015-0000713,15.47,2015-02-02 14:15:12,-73.93610313291398,40.765965444574086,-73.99008100169863,40.733986259330024,4.0
2015-0000714,9.27,2015-03-21 20:52:05,-73.99141312743815,40.748494611903006,-73.95103400514883,40.76952409069275,1.0
2015-0000715,16.13,2015-12-14 02:14:46,-73.97362133129216,40.79413207528066,-73.96836594662334,40.74113128005111,2.0
2015-0000716,25.32,2015-01-21 01:09:01,-73.95672078677724,40.75456910594648,-73.8494279976894,40.78333434645141,6.0
2015-0000717,19.31,2015-12-07 20:16:55,-73.96238001280884,40.756012070458475,-73.88314252529035,40.79256901494814,1.0
2015-0000718,7.4,2015-07-06 00:32:06,-73.94162192731444,40.73545551151145,-73.93706539939187,40.72768483284189,1.0
2015-0000719,7.15,2015-10-28 22:36:08,-73.9874194548228,40.74772217505116,-73.98060956489874,40.76142860592983,1.0
2015-0000720,20.35,2015-05-04 00:09:32,-73.94947576807296,40.762312070755684,-73.9096083226529,40.830936793768196,5.0
2015-0000721,12.48,2015-12-28 17:42:26,-73.98038186710336,40.68159326429374,-73.91928668880583,40.67642086316588,4.0
2015-0000722,12.72,2015-07-10 12:26:34,-73.9404475807645,40.69607258311577,-73.97958845248758,40.674305355504075,1.0
2015-0000723,17.15,2015-04-11 09:47:17,-73.94538530063947,40.77973056376091,-73.98897656460011,40.834180465834784,2.0
2015-0000724,22.91,2015-10-02 02:24:19,-74.00741754808178,40.756834617525115,-74.0160785922484,40.82571223324104,1.0
2015-0000725,8.87,2015-06-25 21:33:21,-73.92656071535299,40.742640666545896,-73.89907858785777,40.75275153670133,6.0
2015-0000726,17.17,2015-09-23 04:28:32,-73.99143853780456,40.75073735732261,-73.96653233008932,40.79108124838486,5.0
2015-0000727,17.45,2015-06-29 05:58:23,-73.93767768806876,40.76390326821447,-73.89558454441925,40.8141475456804,1.0
2015-0000728,12.36,2015-11-15 07:51:07,-73.95530850746394,40.72840961278762,-73.9812994333149,40.71613508581147,1.0
2015-0000729,16.51,2015-01-19 22:01:01,-73.8964726529282,40.71886781098391,-73.95595696881726,40.714308635922876,1.0
2015-0000730,14.0,2015-06-22 21:24:32,-73.97893863929487,40.757833810203906,-73.9431982134358,40.80476004559855,1.0
2015-0000731,19.69,2015-05-24 11:08:42,-73.98397267184473,40.710865088895396,-73.99881856003368,40.77141551725665,2.0
2015-0000732,15.99,2015-05-01 09:46:49,-73.97077678423551,40.76633011022858,-74.02133142016717,40.79321653603381,1.0
2015-0000733,7.49,2015-04-29 02:43:46,-73.98212719131337,40.681896655830485,-73.96777527893458,40.665502225225424,1.0
2015-0000734,21.16,2015-12-03 22:59:31,-73.93800232392232,40.79116622549303,-73.90420705327575,40.86077805884401,1.0
2015-0000735,6.03,2015-12-15 14:13:19,-74.03465242433747,40.768903899296525,-74.0283141383011,40.76297477236216,6.0
2015-0000736,4.69,2015-02-03 10:06:09,-74.01214729676585,40.76024118937256,-74.01588274835132,40.760187055937415,1.0
2015-0000737,11.67,2015-01-21 05:16:28,-74.01271211686317,40.78930763935782,-74.00749298382755,40.80957777439251,1.0
2015-0000738,14.84,2015-12-08 13:26:03,-73.93198769632106,40.816618977778504,-73.93310517919308,40.87324379039995,1.0
2015-0000739,10.81,2015-09-08 20:36:42,-73.90157546509673,40.79057480260072,-73.93201687845493,40.82619408189729,6.0
2015-0000740,8.33,2015-01-12 19:25:46,-73.9741779687415,40.67636503074674,-73.98561838905121,40.6988109957576,2.0
2015-0000741,12.52,2015-06-28 04:51:09,-73.9767528689276,40.698816921330575,-73.95111447177719,40.72271557723412,1.0
2015-0000742,7.51,2015-08-05 00:22:18,-73.96719791347547,40.72500725689217,-73.94754755723417,40.73631269695147,1.0
2015-0000743,11.01,2015-03-05 22:20:32,-73.92352486789567,40.75104364200843,-73.90848307371667,40.77778782744399,1.0
2015-0000744,21.17,2015-02-06 02:28:51,-74.00709412536762,40.770706360818764,-74.02694857982321,40.704819558487934,1.0
2015-0000745,5.88,2015-03-26 12:04:38,-73.96046524069061,40.720970247473865,-73.95591033555468,40.72207202370177,1.0
2015-0000746,15.73,2015-02-16 08:04:47,-73.9309920948087,40.75747067057908,-73.986304046202,40.77471032862658,5.0
2015-0000747,12.12,2015-06-28 03:44:09,-73.9499562332024,40.719784682705864,-73.93460193328583,40.69525426019728,1.0
2015-0000748,14.84,2015-07-07 10:50:50,-73.96241673533605,40.72553928788032,-73.90955100410164,40.74712898741467,3.0
2015-0000749,11.14,2015-12-09 17:48:21,-73.92995815629732,40.69373355612607,-73.96418212025858,40.697599419496484,1.0
2015-0000750,16.66,2015-01-10 15:55:38,-74.07812929171997,40.71307067015557,-74.08570712191951,40.77573494110503,2.0
2015-0000751,21.64,2015-01-10 08:16:40,-73.94288498721876,40.69593261577535,-73.92301178385746,40.75312320753179,2.0
2015-0000752,13.58,2015-05-31 03:32:13,-73.9961630273251,40.710965069880906,-73.94857774829227,40.70699090280736,1.0
2015-0000753,5.27,2015-03-17 06:58:54,-74.04322531587425,40.79214567186431,-74.04667205436326,40.79762054051731,1.0
2015-0000754,9.57,2015-05-19 08:58:09,-73.949551896019,40.71202404444672,-73.96031940589698,40.71980561747847,1.0
2015-0000755,14.31,2015-07-07 07:38:11,-73.91505365819349,40.855295282593495,-73.96412135246597,40.85174549830871,1.0
2015-0000756,8.33,2015-03-16 21:47:16,-73.9754979405851,40.769732716035236,-73.96239479670585,40.78558346555608,1.0
2015-0000757,17.12,2015-08-28 16:30:08,-73.93188501811188,40.757393444947795,-73.86062273690757,40.74464498288117,1.0
2015-0000758,10.48,2015-02-20 13:06:47,-73.90550886968045,40.715665688792754,-73.8871881158215,40.69174722874463,6.0
2015-0000759,9.13,2015-08-24 15:18:13,-73.91740342185663,40.77801239517636,-73.90807179123215,40.80669373189337,1.0
2015-0000760,13.51,2015-04-04 02:22:12,-73.90440141882515,40.72697448695049,-73.88473894950214,40.755860374477145,2.0
2015-0000761,6.27,2015-02-19 17:40:55,-73.94031490035712,40.75488039258581,-73.93064766047559,40.740750919796014,1.0
2015-0000762,12.74,2015-11-22 21:35:14,-73.96698265444394,40.85240338153075,-73.98137308561174,40.889264044453626,2.0
2015-0000763,9.2,2015-08-31 04:59:46,-74.03407863247588,40.74615760401102,-73.99938023500555,40.73721027213606,1.0
2015-0000764,8.15,2015-10-22 19:26:09,-73.97984249952519,40.79597093305143,-73.96306965383184,40.81356589019257,3.0
2015-0000765,10.78,2015-01-21 14:24:52,-74.00372986381265,40.72187294299496,-73.99320146625465,40.75648326337334,1.0
2015-0000766,8.69,2015-09-25 20:00:50,-73.88316229130008,40.748600460380125,-73.90242327211843,40.757592083439015,1.0
2015-0000767,15.42,2015-04-22 01:50:10,-73.97703543249729,40.82083202542542,-73.92793019453924,40.84447425278965,1.0
2015-0000768,8.99,2015-03-25 22:31:10,-73.96507180772862,40.72492131768849,-73.93513072536862,40.71942842837186,1.0
2015-0000769,5.03,2015-12-31 21:32:53,-73.94794058495837,40.82249794231988,-73.95452821007939,40.82660394481704,1.0
2015-0000770,8.64,2015-05-30 16:10:55,-73.9682559021451,40.77831007741822,-73.92820115653464,40.78213429449181,1.0
2015-0000771,7.47,2015-12-12 18:09:11,-73.90219795838277,40.72750132896423,-73.90712508353432,40.715103978568024,1.0
2015-0000772,10.07,2015-05-24 03:52:15,-73.99490597446938,40.77529630956222,-74.00836607924471,40.779993084668746,3.0
2015-0000773,13.67,2015-09-16 01:10:41,-73.96221570179051,40.78890217798507,-73.97500679531493,40.75244362901916,1.0
2015-0000774,12.55,2015-01-11 15:37:23,-73.99969882342792,40.77487239848869,-74.04283088002056,40.77013778607443,1.0
2015-0000775,6.86,2015-02-09 14:18:23,-74.02280090044883,40.68719101120438,-73.99865462903628,40.68864474640329,2.0
2015-0000776,12.07,2015-02-09 09:06:50,-73.99447076363622,40.720914512967006,-74.03940510998636,40.72322912039215,1.0
2015-0000777,9.9,2015-05-05 03:04:06,-73.97148147188193,40.74009925457794,-73.9983347868199,40.74285433120182,1.0
2015-0000778,12.66,2015-07-06 20:10:24,-73.98717208898069,40.747022662835995,-74.03943972925305,40.755169736840195,1.0
2015-0000779,8.07,2015-06-24 20:05:04,-73.99769683919496,40.77482688390203,-73.99027892997869,40.79921012944461,5.0
2015-0000780,11.86,2015-04-21 20:48:11,-74.02625269854687,40.75710804003733,-74.02076231235503,40.793343552261305,3.0
2015-0000781,5.83,2015-06-13 22:55:40,-73.97332422290515,40.69658622565159,-73.97312510930074,40.68709326884615,3.0
2015-0000782,9.58,2015-04-12 23:06:49,-74.03018881496124,40.76520791404024,-74.05146614580136,40.73911188837857,1.0
2015-0000783,12.59,2015-05-23 04:25:42,-73.93959776145242,40.77442342981135,-73.96476477405552,40.753162097444054,2.0
2015-0000784,9.02,2015-08-15 23:55:25,-73.96670240988261,40.77239161791724,-73.94277131397622,40.7677755302814,1.0
2015-0000785,4.62,2015-07-10 14:39:50,-74.0283020599786,40.79323122902218,-74.03481861792986,40.79267358948769,1.0
2015-0000786,11.05,2015-12-03 03:44:00,-73.98236836308199,40.783356886181956,-73.96287761343591,40.77025700419603,1.0
2015-0000787,10.95,2015-10-19 09:56:00,-74.00008625622363,40.768367203169134,-74.01664371680735,40.73948370324164,1.0
2015-0000788,5.98,2015-09-10 17:23:47,-73.95723301958323,40.747193371541655,-73.94180113730009,40.74350974671743,1.0
2015-0000789,13.51,2015-11-05 06:37:08,-73.91638198215907,40.683561562659364,-73.86728364103958,40.69900436126278,1.0
2015-0000790,11.54,2015-10-08 02:04:20,-74.04500689878583,40.7671847287653,-74.01742192477404,40.79503561274037,1.0
2015-0000791,6.32,2015-02-04 05:56:03,-73.96539895683411,40.75830750748653,-73.9677713713806,40.75158481589328,1.0
2015-0000792,6.8,2015-08-20 02:48:55,-73.97640531182266,40.76086315348781,-73.95868934271198,40.75847321882351,2.0
2015-0000793,7.14,2015-09-10 13:01:42,-73.94314639694198,40.698930056967185,-73.94036635217789,40.681129107701764,1.0
2015-0000794,7.59,2015-04-30 09:04:24,-73.96147213487049,40.70675773838367,-73.95123572932965,40.71581456327243,2.0
2015-0000795,7.31,2015-08-17 16:02:14,-74.00007877326955,40.79212611413332,-73.999847104834,40.776673255107596,1.0
2015-0000796,9.28,2015-05-31 14:19:42,-73.98276215742666,40.74841779384573,-73.97769221360322,40.77561162824297,2.0
2015-0000797,11.93,2015-02-13 14:49:13,-74.00184103427213,40.777260027894904,-73.98547823367991,40.73368403313688,1.0
2015-0000798,7.81,2015-12-16 15:27:12,-73.92695971445606,40.75113273504522,-73.94676047544353,40.750343844871644,1.0
2015-0000799,9.48,2015-04-11 10:33:00,-73.96914753405312,40.75119024557983,-73.98962389886282,40.77022346575558,1.0
2015-0000800,11.35,2015-10-19 10:30:53,-73.89395237256988,40.78753135223904,-73.92560864918482,40.80304638772872,1.0
2015-0000801,27.84,2015-11-01 09:11:34,-73.97242643255258,40.729358210871304,-74.01043456568769,40.82014922079072,2.0
2015-0000802,12.24,2015-04-07 08:35:44,-73.99833627067642,40.753844831077636,-74.02485475144303,40.774338831814674,1.0
2015-0000803,12.19,2015-12-06 06:12:22,-74.03054857570451,40.7315089884518,-74.01576470050038,40.71138735054654,1.0
2015-0000804,7.98,2015-10-11 12:09:29,-74.04212558705024,40.732620150902704,-74.05890921251499,40.73975622349003,3.0
2015-0000805,13.64,2015-09-14 23:49:43,-74.03336543772022,40.73763311506126,-74.0079570037933,40.69434572505726,1.0
2015-0000806,10.7,2015-04-18 05:05:14,-73.95931493395953,40.75888535086535,-73.94827352149696,40.76646735838644,
2015-0000807,14.34,2015-08-23 10:07:04,-73.9496509990708,40.73085005513346,-73.99870612547394,40.71585837342344,1.0
2015-0000808,15.08,2015-11-27 03:12:11,-74.03324762808128,40.80023024502294,-74.00359836055463,40.83769195328974,1.0
2015-0000809,10.12,2015-04-17 20:33:38,-73.93419846743696,40.71421570791122,-73.8998745080692,40.707729499673356,1.0
2015-0000810,8.51,2015-05-27 01:37:02,-73.98932244206733,40.742525134233546,-74.00913832231238,40.749022156759686,1.0
2015-0000811,10.45,2015-10-02 05:53:07,-73.96412827952058,40.73241075766903,-73.94152253323372,40.7233440224269,6.0
2015-0000812,20.32,2015-10-18 17:20:35,-73.90551117486979,40.80787911537415,-73.92120612199206,40.870044655929746,1.0
2015-0000813,5.96,2015-09-03 00:56:59,-73.93412642736537,40.75786219106046,-73.92119631606292,40.758224908076926,1.0
2015-0000814,19.57,2015-02-23 12:06:16,-73.98074122591623,40.791273781578745,-74.00867617812489,40.85625049288312,1.0
2015-0000815,14.01,2015-10-21 16:08:44,-74.00564768901661,40.69057758507852,-74.04944088259265,40.72500213794207,4.0
2015-0000816,9.5,2015-05-27 18:59:34,-74.05607261605317,40.76068201063477,-74.05755713174156,40.78514401245483,2.0
2015-0000817,7.23,2015-09-12 12:53:38,-73.9987661327697,40.78558523182494,-73.99247800115795,40.806647226244465,1.0
2015-0000818,7.81,2015-06-23 09:24:57,-73.9784452095531,40.753291359571016,-73.98037560036154,40.7751052785175,2.0
2015-0000819,16.79,2015-03-06 07:27:32,-74.00948718108604,40.79261921500262,-74.03500809783272,40.74478903762225,1.0
2015-0000820,4.01,2015-09-29 07:28:38,-73.97525027868369,40.729308461995984,-73.97724725054762,40.730941960171464,1.0
2015-0000821,11.28,2015-06-24 21:21:27,-73.96692592468165,40.80637389760742,-73.94884708210422,40.84172863674295,1.0
2015-0000822,7.5,2015-03-21 11:13:19,-73.97899423927232,40.84195592494477,-73.970341030176,40.850489009440544,1.0
2015-0000823,11.31,2015-12-11 01:48:16,-73.99600010323293,40.73548645758241,-73.98052507231495,40.703330762178304,1.0
2015-0000824,4.95,2015-03-29 12:43:55,-73.96325381312133,40.73217989914397,-73.97335726913495,40.74060776562665,4.0
2015-0000825,20.05,2015-12-15 23:32:49,-73.95232237401723,40.80813537908471,-73.90717083657574,40.869258544572375,1.0
2015-0000826,15.52,2015-04-20 17:13:42,-74.0136159630977,40.81318288582923,-74.03890116319435,40.86058963729527,5.0
2015-0000827,6.72,2015-09-03 12:30:02,-73.91356270481015,40.72908559891387,-73.88893589589755,40.73722547863289,1.0
2015-0000828,18.11,2015-02-03 03:12:30,-73.97394352529138,40.73319252731616,-73.92848679250258,40.77173600562791,1.0
2015-0000829,7.86,2015-06-04 17:24:44,-73.9692460150822,40.73872861564558,-73.94481877229974,40.73773340503453,1.0
2015-0000830,15.83,2015-11-12 03:07:43,-73.94167142306974,40.69622197955863,-73.93774714988167,40.655105831953826,1.0
2015-0000831,11.03,2015-10-04 04:36:13,-73.96067135474946,40.71325392214063,-73.96652026614936,40.695519942496745,1.0
2015-0000832,21.78,2015-03-20 12:58:52,-73.93187453464347,40.70983436932992,-73.89079190511208,40.76672103238516,1.0
2015-0000833,8.98,2015-09-08 23:15:42,-73.95851503339192,40.71928809739583,-73.99120428114976,40.72106830494096,1.0
2015-0000834,6.27,2015-01-30 20:11:45,-73.99449749498562,40.74861260450453,-74.013601222797,40.75131108512328,1.0
2015-0000835,2.5,2015-11-09 19:26:30,-73.95553985899176,40.75936858930146,-73.9574665919565,40.760373443413215,2.0
2015-0000836,20.3,2015-07-28 17:12:46,-74.01574904829283,40.81202001971256,-73.96861943556748,40.879144117399754,1.0
2015-0000837,19.69,2015-10-17 23:35:20,-73.96565761176893,40.71006583837045,-73.94426458268771,40.76884460583131,1.0
2015-0000838,19.52,2015-12-27 15:39:54,-73.97132919962577,40.78937289593906,-73.99037057238108,40.8659363029425,1.0
2015-0000839,5.25,2015-05-22 09:17:21,-73.9783246742909,40.74144044623098,-73.97763390545245,40.74666908991898,5.0
2015-0000840,8.86,2015-12-10 17:24:54,-73.97514150045755,40.7480214516139,-73.98357119478044,40.766890186276314,2.0
2015-0000841,13.75,2015-04-26 00:52:19,-74.0452739618199,40.776992779686665,-74.0565676315869,40.74149350320404,1.0
2015-0000842,16.53,2015-02-12 18:47:38,-73.99194899630963,40.705091119137506,-73.95258230955292,40.75939915192105,1.0
2015-0000843,12.31,2015-05-27 14:01:00,-73.96628620395435,40.765296389847364,-73.99743849783226,40.74026300330932,1.0
2015-0000844,14.11,2015-06-22 20:32:01,-73.9636057443201,40.75665808832852,-73.90534231864807,40.7731613552414,6.0
2015-0000845,13.96,2015-11-28 00:14:52,-74.01110700563704,40.76969805056033,-73.9762601149315,40.74677897473134,1.0
2015-0000846,10.8,2015-12-25 21:33:03,-73.91937168636541,40.76156674575631,-73.87664583624729,40.75390074095415,1.0
2015-0000847,7.77,2015-08-01 21:01:26,-74.00464699392857,40.84821200559644,-74.00853517928934,40.83309413266495,1.0
2015-0000848,7.83,2015-07-26 18:51:56,-73.93122171197894,40.724490400629946,-73.9257199335513,40.716254142809674,1.0
2015-0000849,9.98,2015-03-16 14:31:00,-73.95291222552513,40.72876012179993,-73.98590677996087,40.72258644070546,5.0
2015-0000850,4.43,2015-11-13 19:38:56,-73.99584909239375,40.725074378943006,-74.00158896460576,40.71862631509526,1.0
2015-0000851,14.53,2015-06-09 11:18:44,-73.89898756429562,40.72778091523359,-73.87417791886632,40.762780932587,1.0
2015-0000852,13.01,2015-03-10 14:03:23,-74.01774547327025,40.72450451490774,-73.96886358141681,40.701358631115866,1.0
2015-0000853,13.26,2015-02-24 02:39:55,-73.9332338330556,40.797560661244304,-73.95644853755967,40.81417690405472,2.0
2015-0000854,14.02,2015-12-20 21:22:26,-73.92997670727829,40.8068201699196,-73.93094188538784,40.85335894448876,2.0
2015-0000855,6.01,2015-04-05 02:45:26,-73.99682480836306,40.72717014825002,-73.99136378497003,40.721774257314614,1.0
2015-0000856,7.95,2015-10-25 20:32:37,-73.91430138799743,40.71670577707583,-73.9461750640632,40.7051682103534,1.0
2015-0000857,11.02,2015-01-05 10:55:03,-73.98000186058395,40.768856622255456,-73.9522613833312,40.77194088350005,4.0
2015-0000858,17.34,2015-10-10 06:03:56,-73.9584522548288,40.727911078228765,-73.97017196478107,40.77330283447959,1.0
2015-0000859,8.47,2015-12-05 08:57:08,-73.95958712644915,40.77531727271022,-73.95544883698446,40.79114050163882,1.0
2015-0000860,7.66,2015-10-28 07:37:12,-73.97537234965883,40.758116920834055,-73.97893083081618,40.75218049199583,1.0
2015-0000861,6.91,2015-06-08 18:16:29,-73.9375676690736,40.68937023540011,-73.95124782424519,40.71388653493575,6.0
2015-0000862,8.38,2015-11-01 18:24:10,-73.93826045117791,40.8119002080532,-73.92847180074233,40.78883144355811,1.0
2015-0000863,10.62,2015-08-03 15:33:43,-74.03994127892953,40.82183510692382,-74.03640956628658,40.85227589223711,2.0
2015-0000864,10.86,2015-10-15 23:59:01,-73.91782639028487,40.725488452380624,-73.91898212675324,40.74774667161168,1.0
2015-0000865,4.12,2015-03-05 21:53:00,-74.03649967952143,40.73449193760256,-74.04835352817183,40.7352576834684,1.0
2015-0000866,6.36,2015-03-25 21:43:53,-73.92869815182634,40.761434615629,-73.90911241170285,40.74627704167558,1.0
2015-0000867,14.16,2015-09-11 12:08:38,-73.9249317945269,40.76337827159948,-73.86532327647213,40.74677784393097,1.0
2015-0000868,7.68,2015-06-19 16:06:16,-74.0136386572086,40.77634177090691,-73.99944204022343,40.80238629099729,1.0
2015-0000869,17.17,2015-01-18 19:58:30,-73.98643257151818,40.83040818155065,-73.94654902507085,40.877277596625326,1.0
2015-0000870,10.41,2015-02-08 17:33:06,-74.01422818673943,40.74292211090024,-74.04593484449403,40.73380287848938,1.0
2015-0000871,11.26,2015-09-19 02:58:13,-73.97859684121156,40.71806811021846,-73.96386399803274,40.74181971132501,3.0
2015-0000872,19.46,2015-09-29 09:40:44,-73.98232137136743,40.69482723087942,-74.00524242093657,40.642216420321354,5.0
2015-0000873,9.42,2015-11-27 21:21:46,-73.93881357870923,40.720762798402326,-73.97312132653519,40.71322426648261,1.0
2015-0000874,5.61,2015-12-05 20:56:06,-73.91758765015521,40.74867492108505,-73.92976879237898,40.75774315309892,1.0
2015-0000875,13.94,2015-06-30 04:36:17,-73.9141726475684,40.82178231454071,-73.868415667536,40.80449181203126,1.0
2015-0000876,11.26,2015-09-26 23:06:58,-73.99248672106313,40.72929554803855,-73.95398624620304,40.71120035679486,1.0
2015-0000877,7.06,2015-11-06 09:47:47,-73.97836887494978,40.75895151806556,-73.96107873328815,40.74891813137149,2.0
2015-0000878,10.74,2015-02-19 16:52:09,-74.03733752768883,40.74934308415709,-74.07331854448553,40.768108866006884,1.0
2015-0000879,3.76,2015-03-31 17:03:01,-74.00223480265984,40.79753573093792,-73.99812322220149,40.80191586038573,1.0
2015-0000880,17.6,2015-01-14 21:15:28,-73.9314059346761,40.85107729703495,-73.91235493440905,40.7939303600352,2.0
2015-0000881,17.31,2015-08-01 01:13:28,-73.90537668705807,40.72876524908319,-73.89011060017071,40.67514424450414,1.0
2015-0000882,10.75,2015-11-14 16:17:40,-74.01937395487519,40.73042242229927,-74.06468776237962,40.72221646696355,1.0
2015-0000883,7.93,2015-01-23 16:18:04,-73.99369857036612,40.791766435082764,-74.01040810580672,40.81549703266437,1.0
2015-0000884,19.76,2015-05-28 20:02:35,-73.97105623027835,40.77727565958505,-73.96297856320281,40.704850514303295,1.0
2015-0000885,8.34,2015-06-18 20:25:01,-73.95879355364721,40.82386829302944,-73.9327048263617,40.81887638774489,1.0
2015-0000886,13.66,2015-05-12 03:47:18,-74.00238414079686,40.773357127413036,-74.05826797542986,40.76756969171751,2.0
2015-0000887,17.7,2015-05-15 06:10:16,-73.95303755822144,40.73562831636852,-73.94790127748584,40.78727844971477,2.0
2015-0000888,5.77,2015-01-09 21:05:28,-73.98895357388284,40.77362619322769,-73.97466211078647,40.77207553887631,1.0
2015-0000889,12.47,2015-02-22 04:36:48,-73.97057809083513,40.79434814322332,-73.93508973117964,40.815837812765544,5.0
2015-0000890,10.97,2015-08-10 04:03:10,-73.94814863007986,40.7828192872479,-73.91736290255274,40.79705700145052,1.0
2015-0000891,17.77,2015-01-06 00:39:28,-73.96974310920756,40.77029096124429,-73.94226596964329,40.71637396685008,2.0
2015-0000892,12.04,2015-05-19 08:46:42,-73.98745543562106,40.792666987583566,-74.00145365082211,40.82571320408252,1.0
2015-0000893,-5.0,2015-11-10 12:03:17,-73.97438439215703,40.796771823617824,-74.02162445627073,40.81323371878151,4.0
2015-0000894,9.22,2015-07-09 11:16:33,-73.97353451836821,40.8052863596415,-73.97532610108006,40.83053441883174,4.0
2015-0000895,37.24,2015-03-12 08:10:49,-73.98480044119529,40.77594839550358,-73.94475148643903,40.90373552669667,1.0
2015-0000896,21.73,2015-08-15 23:42:19,-73.98035184250668,40.74331527678733,-73.92854820668094,40.69079188860237,5.0
2015-0000897,18.41,2015-01-14 12:18:18,-73.9060541131798,40.75586854745733,-73.87473764011088,40.817609446950165,2.0
2015-0000898,10.2,2015-10-25 06:00:00,-73.94756322208235,40.798260358660336,-73.92468299739829,40.799636933078325,2.0
2015-0000899,9.28,2015-08-27 01:28:32,-73.98181921272116,40.71732257316051,-73.96043002326958,40.7359424402926,1.0
2015-0000900,7.97,2015-11-05 11:53:48,-73.94212182381958,40.76474693235492,-73.9488053862224,40.77338156499588,2.0
2015-0000901,4.12,2015-12-22 11:52:04,-73.98335277959023,40.734266447506904,-73.97725458839685,40.731539357504964,3.0
2015-0000902,16.08,2015-10-03 10:28:16,-73.92307501449653,40.751149792917396,-73.86300292872174,40.744054805070235,1.0
2015-0000903,7.86,2015-02-03 22:56:51,-73.95521431231208,40.801138074504294,-73.97349105248584,40.821023336571486,5.0
2015-0000904,18.31,2015-02-14 08:52:18,-73.97429208576017,40.7576439627208,-73.91584872203887,40.72212875182065,1.0
2015-0000905,8.91,2015-06-08 17:58:41,-73.95209132296759,40.75185746192625,-73.95175216760235,40.784374836951905,1.0
2015-0000906,15.27,2015-05-03 05:11:04,-74.03283504608274,40.695605754360805,-73.98307208280988,40.69311992221425,1.0
2015-0000907,12.42,2015-04-14 05:42:37,-74.01507069875639,40.77985014264109,-74.04727514904131,40.755948062469876,1.0
2015-0000908,8.86,2015-07-16 22:33:02,-74.01775700025595,40.775819367245646,-73.99017987422101,40.77231898150577,1.0
2015-0000909,14.54,2015-12-10 13:36:26,-73.96428227620945,40.836530188932215,-73.97638538028788,40.88424466543809,1.0
2015-0000910,8.48,2015-12-19 16:36:32,-73.9006994000206,40.73768887060188,-73.93315741577833,40.73162881799139,5.0
2015-0000911,11.34,2015-10-29 06:59:02,-73.88074799415229,40.75876601310656,-73.86419197287996,40.779519621652845,1.0
2015-0000912,150.0,2015-03-21 14:17:17,-73.94447795594238,40.75997534734843,-73.9041938022845,40.74804665907696,1.0
2015-0000913,13.66,2015-09-03 04:45:16,-73.94996622100221,40.813098131190536,-73.96531446416002,40.84583578668825,1.0
2015-0000914,14.22,2015-04-08 21:12:03,-74.04204230936611,40.74618817870452,-74.07701278817986,40.776753410868224,1.0
2015-0000915,17.34,2015-04-12 21:55:48,-73.99170695198936,40.76116086103082,-73.98446229491941,40.82661912602971,5.0
2015-0000916,6.06,2015-11-15 15:49:45,-74.00151135007633,40.77431586038866,-73.99413440993965,40.779048942023685,1.0
2015-0000917,15.29,2015-10-15 03:44:52,-73.99483390393004,40.75746436492626,-73.9683843151034,40.787524009068996,2.0
2015-0000918,9.17,2015-06-09 16:12:05,-73.97672575274339,40.73214265541798,-73.93823791560246,40.74508468160415,1.0
2015-0000919,15.06,2015-11-10 04:35:08,-73.98888362310788,40.75776359971593,-73.98066607854605,40.80663975317182,1.0
2015-0000920,16.67,2015-07-25 01:47:04,-74.04917199241503,40.79294526999439,-73.98350689297119,40.78138029836613,1.0
2015-0000921,10.4,2015-09-02 21:54:09,-73.9400835897553,40.70893938802356,-73.92335654741925,40.74128954740988,1.0
2015-0000922,8.72,2015-11-26 06:17:26,-74.01290972102959,40.75531878696587,-74.01330251620979,40.75947786808237,1.0
2015-0000923,11.08,2015-08-17 12:36:37,-73.96043012543555,40.72199516740243,-73.99877714620864,40.73006952208918,1.0
2015-0000924,7.34,2015-11-15 08:08:36,-73.88703669321,40.79780186515699,-73.88491647881949,40.81055443969044,1.0
2015-0000925,5.98,2015-05-01 22:24:03,-74.00677538366345,40.68907252380865,-74.00686699202579,40.70663973570145,2.0
2015-0000926,13.79,2015-08-19 05:31:15,-74.07121150090985,40.727643126109136,-74.03240235702141,40.734156254815474,1.0
2015-0000927,9.02,2015-11-07 12:43:49,-73.98144016887521,40.76508847500258,-73.95756566015321,40.78152987049769,1.0
2015-0000928,18.17,2015-03-26 12:47:47,-73.92596161460006,40.81262096116937,-73.95134268824903,40.86996450289624,1.0
2015-0000929,14.02,2015-12-30 14:05:08,-73.89166610183118,40.74736998955708,-73.87649847023884,40.78693348012553,1.0
2015-0000930,12.09,2015-09-27 20:25:48,-74.0191819837781,40.72779201893227,-73.98903604862622,40.76386665670718,3.0
2015-0000931,14.6,2015-07-01 10:41:40,-73.95013203107054,40.82524628277763,-73.8942910902889,40.82158009699691,1.0
2015-0000932,11.93,2015-09-17 01:57:10,-73.9886124182712,40.69207944398335,-73.95198729924878,40.6754022191365,1.0
2015-0000933,15.17,2015-11-04 13:30:00,-73.97423793417217,40.662047761735195,-73.94141253454282,40.70070677848233,5.0
2015-0000934,11.99,2015-09-22 17:32:09,-73.86422626611932,40.76760057800213,-73.85242368628086,40.80388198177803,1.0
2015-0000935,15.89,2015-05-24 15:22:14,-74.0301188131358,40.729917831025894,-74.0084694529731,40.78409795129842,1.0
2015-0000936,12.69,2015-10-19 12:53:39,-73.95985041354021,40.70915068731477,-73.91236526651902,40.701031268535694,1.0
2015-0000937,8.52,2015-12-16 23:41:20,-73.95129227312938,40.77833425789198,-73.98127559505377,40.78144779823117,1.0
2015-0000938,12.44,2015-01-20 03:10:05,-73.92656854700242,40.75975202855085,-73.92705172681893,40.720567503675085,2.0
2015-0000939,7.43,2015-09-24 10:36:39,-73.96608067386116,40.72743685477053,-73.97925773632385,40.725662721588705,2.0
2015-0000940,17.08,2015-11-08 02:09:39,-73.95767797841984,40.69878782405316,-73.93630338485805,40.73868493937054,6.0
2015-0000941,12.79,2015-07-19 06:53:04,-73.98566594269687,40.78489829313121,-73.93875927742735,40.78090343175436,1.0
2015-0000942,11.48,2015-10-27 05:57:01,-73.95923492235019,40.776008047118346,-73.96714415095182,40.80522244097437,1.0
2015-0000943,12.62,2015-07-02 20:43:59,-73.9837276910199,40.746032965448826,-74.04543682204398,40.750317872268894,2.0
2015-0000944,9.49,2015-09-21 00:18:53,-73.94513712440576,40.823865479841906,-73.9475037467565,40.84358719068855,1.0
2015-0000945,13.67,2015-10-25 01:14:55,-73.98478441344174,40.70719660934695,-73.94738020148122,40.68276586765248,1.0
2015-0000946,9.67,2015-09-22 11:50:15,-73.95491598424391,40.68897899316301,-73.92878708715541,40.70153527665203,1.0
2015-0000947,22.34,2015-09-09 11:09:07,-73.9711705125474,40.72232367720475,-73.94832492511308,40.64258959807773,1.0
2015-0000948,5.93,2015-03-03 02:42:36,-73.92495798996912,40.74817655934578,-73.92335778902535,40.75256967460092,1.0
2015-0000949,13.95,2015-06-14 05:44:59,-73.97205574894353,40.75973357797291,-74.00042667103013,40.72081938066145,3.0
2015-0000950,17.31,2015-07-04 07:49:27,-74.04092129872828,40.740350557685744,-74.01546246907955,40.78653039318215,3.0
2015-0000951,14.72,2015-11-16 05:02:15,-73.91952313997145,40.76408221586057,-73.93455159427249,40.79740443644351,1.0
2015-0000952,18.44,2015-06-01 07:19:30,-74.0062292920345,40.699938423032386,-73.9307063900331,40.72393855249137,1.0
2015-0000953,16.01,2015-11-30 12:06:48,-73.99615065354595,40.80775058416293,-73.96903543729532,40.86338077097771,1.0
2015-0000954,11.46,2015-10-19 09:25:38,-73.99382645176173,40.7467139528643,-74.00124590083836,40.72824645723955,3.0
2015-0000955,17.92,2015-08-08 00:03:44,-73.91502247627317,40.79469183326353,-73.92336403369482,40.85711272920099,1.0
2015-0000956,13.26,2015-11-12 15:03:29,-74.05542696855915,40.763709013855106,-74.04821529475755,40.801674760782916,2.0
2015-0000957,3.6,2015-09-15 21:49:02,-73.8444900586536,40.768270128766154,-73.84167511631426,40.771173470149584,1.0
2015-0000958,17.4,2015-11-25 10:41:25,-73.92775772763736,40.77279069120929,-73.88425271437146,40.81685929562477,1.0
2015-0000959,9.54,2015-02-03 21:58:19,-73.96107044343483,40.767908342400695,-73.94547795834251,40.744719537028345,1.0
2015-0000960,7.37,2015-04-01 11:47:21,-73.97219576002465,40.775708910394705,-73.9841447121919,40.760973485548874,2.0
2015-0000961,16.86,2015-09-11 02:34:57,-73.95857783700569,40.8031661012053,-73.89186461645102,40.79490840950811,1.0
2015-0000962,7.49,2015-01-08 06:32:53,-73.94915510286482,40.757860846788056,-73.93767585291921,40.75199151554614,1.0
2015-0000963,10.15,2015-07-21 12:16:45,-73.944191376562,40.77836015030354,-73.91112618628294,40.75666342102073,1.0
2015-0000964,14.11,2015-07-06 16:01:52,-73.94777582135985,40.74641057222851,-73.9560226165832,40.79310306424137,2.0
2015-0000965,7.03,2015-04-07 23:38:02,-73.9664167727498,40.80760468861798,-73.94552330391745,40.80983905660688,3.0
2015-0000966,10.77,2015-01-14 09:27:40,-73.97789353681229,40.72294430791763,-73.95856023707799,40.743519456968336,1.0
2015-0000967,10.96,2015-04-24 00:15:28,-73.97605093134614,40.82203761731643,-74.02274041010902,40.814927076324025,3.0
2015-0000968,23.46,2015-10-13 04:16:04,-73.97779633121411,40.74839368197423,-73.90733807790029,40.703775582957775,1.0
2015-0000969,15.05,2015-06-27 01:48:09,-73.92464919612532,40.69276899591528,-73.87592986229764,40.710870716667024,1.0
2015-0000970,17.28,2015-03-14 03:14:34,-73.94625773110876,40.75512417659643,-73.94817359059314,40.70775652733384,1.0
2015-0000971,8.12,2015-08-22 00:16:56,-74.08761554538657,40.722757933701004,-74.11068363760025,40.73069891231844,1.0
2015-0000972,10.78,2015-02-11 10:48:31,-73.94376396893881,40.78362574195955,-73.9233371205247,40.752576290794565,2.0
2015-0000973,23.5,2015-09-23 10:56:13,-73.96221055221125,40.723895040827905,-73.94960962122882,40.79351332080483,2.0
2015-0000974,12.99,2015-08-26 23:24:07,-73.97074835025784,40.73215266267141,-73.95007828180094,40.769493544336655,1.0
2015-0000975,6.87,2015-03-01 23:29:50,-73.98554073812356,40.674418370762176,-73.96979341623774,40.68759098450032,1.0
2015-0000976,17.99,2015-12-08 07:02:10,-73.92503549120056,40.73190774723004,-73.89984826152138,40.77981894755968,2.0
2015-0000977,15.52,2015-05-22 00:41:34,-73.93209894151508,40.65304482693484,-73.87867977053332,40.63765534761087,5.0
2015-0000978,11.37,2015-11-10 23:19:12,-74.00091510671294,40.68664388706057,-73.97387201055908,40.712948268420675,1.0
2015-0000979,10.11,2015-12-05 14:27:41,-73.95371790851502,40.78041658624577,-73.97520757348232,40.79641089925733,5.0
2015-0000980,14.83,2015-11-29 13:57:03,-74.00886626938166,40.78143200634603,-73.95798938380028,40.79935260878604,1.0
2015-0000981,16.63,2015-05-20 19:30:06,-74.02518472659156,40.7670183024714,-73.96596628968692,40.8151889074746,1.0
2015-0000982,22.08,2015-01-16 15:01:33,-73.9950686889836,40.71132095427483,-73.89050698694822,40.74329571735823,3.0
2015-0000983,9.9,2015-10-10 16:00:11,-73.93550426110468,40.74809154575432,-73.95920908210186,40.766753255639074,1.0
2015-0000984,11.94,2015-04-10 07:58:19,-73.93187499818495,40.74985589843638,-73.91458853779045,40.710209275349534,1.0
2015-0000985,15.16,2015-06-23 03:04:11,-73.9494765831961,40.7036654124323,-74.00193954429177,40.684864023573915,1.0
2015-0000986,5.71,2015-11-29 18:11:40,-73.94099616852608,40.810135932070686,-73.9144016938347,40.81645466406282,3.0
2015-0000987,5.88,2015-06-22 14:20:26,-73.9493528685154,40.78509449162303,-73.95579887746041,40.797895662851325,2.0
2015-0000988,18.16,2015-06-22 04:31:12,-73.99565926380892,40.74116143304681,-73.92795588996417,40.717255321306595,1.0
2015-0000989,21.49,2015-02-21 19:14:47,-73.95272309821304,40.751075433559784,-73.9659615473136,40.833425733827134,1.0
2015-0000990,16.86,2015-04-21 20:44:32,-73.9379836189909,40.758335312317904,-73.97865911012991,40.81382713397551,1.0
2015-0000991,7.98,2015-07-09 16:03:32,-73.93982834680746,40.66833060526303,-73.94396625902853,40.6963941548748,1.0
2015-0000992,16.98,2015-05-12 09:56:08,-73.92244346514101,40.740112904699174,-73.97170809827753,40.75227401053769,1.0
2015-0000993,13.36,2015-12-13 04:00:22,-73.94166784611195,40.72272063008009,-73.90913486247673,40.72635436098305,2.0
2015-0000994,11.32,2015-11-27 17:39:31,-73.95594207169833,40.7099351996042,-74.00789456308603,40.691377645803534,1.0
2015-0000995,8.61,2015-03-08 14:42:07,-73.92719399046734,40.73875598828456,-73.91634026303186,40.75108040384013,1.0
2015-0000996,15.15,2015-05-01 06:35:54,-73.97106085036997,40.821907461073984,-74.02339520496565,40.839640037278265,1.0
2015-0000997,11.82,2015-08-13 04:27:36,-74.0052749860491,40.77563371445068,-74.00488392018521,40.74838089718623,1.0
2015-0000998,13.96,2015-10-24 19:49:53,-73.97652267855774,40.727152840408685,-73.9172213338836,40.74717813292603,5.0
2015-0000999,5.8,2015-01-29 20:08:41,-73.99979610579226,40.77290331125425,-73.97897666904919,40.7782455397895,1.0
